#pragma once

#include <Arduino.h>

// Generated from BubbleGum Regular
// Printable ASCII 32..126
// Horizontal row-wise RLE, each row starts with a control byte
// Control byte: bit7=0 => bits0..6=run count, followed by run bytes
//               bit7=1 => bits0..6=reference to a previous row
// Run byte format: bit7=color (1=filled), bits0..6=(runLength-1)
// Fixed bitmap height: 100 pixels
// Glyphs are baseline-aligned in their 100-pixel cell

#define BUBBLEGUM50_FIRST_CHAR   32
#define BUBBLEGUM50_LAST_CHAR    126
#define BUBBLEGUM50_HEIGHT       100
#define BUBBLEGUM50_BASELINE     82
#define BUBBLEGUM50_MAX_WIDTH    78

static_assert(
    BUBBLEGUM50_MAX_WIDTH <= 127,
    "Bubblegum row control bytes require at most 127 runs per row"
);

struct Bubblegum50Glyph
{
    const uint8_t *data;
    uint8_t width;
    uint8_t advance;
};

// ASCII 32 ' '  26x100, advance 26
static const uint8_t Bubblegum50_space[] PROGMEM = {
    0x01, 0x19, 0x80, 0x80, 0x80, 0x80, 0x80, 0x80, 0x80, 0x80, 0x80, 0x80, 0x80, 0x80, 0x80, 0x80,
    0x80, 0x80, 0x80, 0x80, 0x80, 0x80, 0x80, 0x80, 0x80, 0x80, 0x80, 0x80, 0x80, 0x80, 0x80, 0x80,
    0x80, 0x80, 0x80, 0x80, 0x80, 0x80, 0x80, 0x80, 0x80, 0x80, 0x80, 0x80, 0x80, 0x80, 0x80, 0x80,
    0x80, 0x80, 0x80, 0x80, 0x80, 0x80, 0x80, 0x80, 0x80, 0x80, 0x80, 0x80, 0x80, 0x80, 0x80, 0x80,
    0x80, 0x80, 0x80, 0x80, 0x80, 0x80, 0x80, 0x80, 0x80, 0x80, 0x80, 0x80, 0x80, 0x80, 0x80, 0x80,
    0x80, 0x80, 0x80, 0x80, 0x80, 0x80, 0x80, 0x80, 0x80, 0x80, 0x80, 0x80, 0x80, 0x80, 0x80, 0x80,
    0x80, 0x80, 0x80, 0x80, 0x80,
};

// ASCII 33 '!'  34x100, advance 34
static const uint8_t Bubblegum50_exclam[] PROGMEM = {
    0x01, 0x21, 0x80, 0x80, 0x80, 0x80, 0x80, 0x03, 0x09, 0x89, 0x0D, 0x86, 0x03, 0x07, 0x8F, 0x09,
    0x88, 0x03, 0x05, 0x95, 0x05, 0x8A, 0x8A, 0x8A, 0x03, 0x05, 0x97, 0x03, 0x8E, 0x8E, 0x8E, 0x8E,
    0x8E, 0x8E, 0x8E, 0x8E, 0x8E, 0x8E, 0x8E, 0x8E, 0x8E, 0x8A, 0x8A, 0x8A, 0x8A, 0x8A, 0x8A, 0x8A,
    0x8A, 0x8A, 0x8A, 0x8A, 0x8A, 0x03, 0x05, 0x93, 0x07, 0xA8, 0xA8, 0xA8, 0xA8, 0xA8, 0xA8, 0xA8,
    0xA8, 0xA8, 0xA8, 0xA8, 0xA8, 0xA8, 0x03, 0x07, 0x91, 0x07, 0xB6, 0x03, 0x09, 0x8D, 0x09, 0xB8,
    0x03, 0x0D, 0x83, 0x0F, 0xBA, 0x80, 0x80, 0x03, 0x07, 0x8B, 0x0D, 0xBE, 0x03, 0x05, 0x91, 0x09,
    0xC0, 0x03, 0x03, 0x93, 0x09, 0xC2, 0x03, 0x03, 0x95, 0x07, 0xC4, 0xC4, 0xC4, 0xC4, 0xC4, 0xC4,
    0xC4, 0xC4, 0xC4, 0xC0, 0xC0, 0xC0, 0xC0, 0x86, 0x86, 0x80, 0x80, 0x80, 0x80, 0x80, 0x80, 0x80,
    0x80, 0x80, 0x80, 0x80, 0x80, 0x80, 0x80, 0x80, 0x80,
};

// ASCII 34 '"'  40x100, advance 40
static const uint8_t Bubblegum50_quotedbl[] PROGMEM = {
    0x01, 0x27, 0x80, 0x80, 0x80, 0x80, 0x80, 0x80, 0x80, 0x05, 0x09, 0x87, 0x07, 0x87, 0x05, 0x88,
    0x05, 0x05, 0x8D, 0x01, 0x8D, 0x03, 0x8A, 0x8A, 0x8A, 0x8A, 0x8A, 0x8A, 0x8A, 0x05, 0x07, 0x89,
    0x03, 0x8B, 0x05, 0x92, 0x05, 0x07, 0x89, 0x05, 0x89, 0x05, 0x94, 0x05, 0x07, 0x87, 0x07, 0x87,
    0x07, 0x96, 0x05, 0x09, 0x85, 0x09, 0x85, 0x07, 0x98, 0x80, 0x80, 0x80, 0x80, 0x80, 0x80, 0x80,
    0x80, 0x80, 0x80, 0x80, 0x80, 0x80, 0x80, 0x80, 0x80, 0x80, 0x80, 0x80, 0x80, 0x80, 0x80, 0x80,
    0x80, 0x80, 0x80, 0x80, 0x80, 0x80, 0x80, 0x80, 0x80, 0x80, 0x80, 0x80, 0x80, 0x80, 0x80, 0x80,
    0x80, 0x80, 0x80, 0x80, 0x80, 0x80, 0x80, 0x80, 0x80, 0x80, 0x80, 0x80, 0x80, 0x80, 0x80, 0x80,
    0x80, 0x80, 0x80, 0x80, 0x80, 0x80, 0x80, 0x80, 0x80, 0x80, 0x80, 0x80, 0x80, 0x80, 0x80, 0x80,
    0x80, 0x80, 0x80,
};

// ASCII 35 '#'  44x100, advance 44
static const uint8_t Bubblegum50_hash[] PROGMEM = {
    0x01, 0x2B, 0x80, 0x80, 0x80, 0x80, 0x80, 0x80, 0x80, 0x80, 0x80, 0x05, 0x0D, 0x83, 0x07, 0x83,
    0x0D, 0x8A, 0x05, 0x0B, 0x87, 0x03, 0x85, 0x0D, 0x8C, 0x05, 0x0B, 0x87, 0x03, 0x87, 0x0B, 0x8E,
    0x8E, 0x8E, 0x03, 0x05, 0x9F, 0x05, 0x92, 0x92, 0x92, 0x92, 0x92, 0x05, 0x05, 0x8D, 0x03, 0x87,
    0x0B, 0x98, 0x8E, 0x8E, 0x05, 0x0B, 0x87, 0x03, 0x8D, 0x05, 0x9C, 0x03, 0x07, 0x9D, 0x05, 0x9E,
    0x92, 0x92, 0x92, 0x92, 0x05, 0x07, 0x8B, 0x03, 0x87, 0x0B, 0xA4, 0x8E, 0x8E, 0x8E, 0x8E, 0x05,
    0x0D, 0x85, 0x03, 0x87, 0x0B, 0xAA, 0x8A, 0x8A, 0x80, 0x80, 0x80, 0x80, 0x80, 0x80, 0x80, 0x80,
    0x80, 0x80, 0x80, 0x80, 0x80, 0x80, 0x80, 0x80, 0x80, 0x80, 0x80, 0x80, 0x80, 0x80, 0x80, 0x80,
    0x80, 0x80, 0x80, 0x80, 0x80, 0x80, 0x80, 0x80, 0x80, 0x80, 0x80, 0x80, 0x80, 0x80, 0x80, 0x80,
    0x80, 0x80, 0x80, 0x80, 0x80, 0x80, 0x80, 0x80, 0x80, 0x80, 0x80, 0x80, 0x80, 0x80,
};

// ASCII 36 '$'  20x100, advance 18
static const uint8_t Bubblegum50_dollar[] PROGMEM = {
    0x01, 0x13, 0x80, 0x80, 0x80, 0x80, 0x80, 0x80, 0x80, 0x80, 0x80, 0x03, 0x07, 0x83, 0x07, 0x8A,
    0x03, 0x07, 0x85, 0x05, 0x8C, 0x8A, 0x8A, 0x8A, 0x8A, 0x03, 0x05, 0x89, 0x03, 0x92, 0x03, 0x03,
    0x8D, 0x01, 0x94, 0x94, 0x94, 0x03, 0x03, 0x85, 0x09, 0x98, 0x03, 0x03, 0x89, 0x05, 0x9A, 0x03,
    0x05, 0x8B, 0x01, 0x9C, 0x03, 0x09, 0x87, 0x01, 0x9E, 0x05, 0x03, 0x83, 0x01, 0x87, 0x01, 0xA0,
    0x94, 0x94, 0x03, 0x03, 0x8B, 0x03, 0xA4, 0x8C, 0x8C, 0x8A, 0x8A, 0x8A, 0x8A, 0x8A, 0x8A, 0x8C,
    0x8C, 0x8C, 0x8C, 0x8C, 0x8C, 0x8C, 0x8C, 0x8C, 0x8C, 0x03, 0x09, 0x83, 0x05, 0xB8, 0x80, 0x80,
    0x80, 0x80, 0x80, 0x80, 0x80, 0x80, 0x80, 0x80, 0x80, 0x80, 0x80, 0x80, 0x80, 0x80, 0x80, 0x80,
    0x80, 0x80, 0x80, 0x80, 0x80, 0x80, 0x80, 0x80, 0x80, 0x80, 0x80, 0x80, 0x80, 0x80, 0x80, 0x80,
    0x80, 0x80, 0x80, 0x80, 0x80, 0x80, 0x80, 0x80,
};

// ASCII 37 '%'  78x100, advance 78
static const uint8_t Bubblegum50_percent[] PROGMEM = {
    0x01, 0x4D, 0x80, 0x80, 0x80, 0x80, 0x80, 0x03, 0x3D, 0x85, 0x09, 0x86, 0x05, 0x0B, 0x8D, 0x1F,
    0x8D, 0x05, 0x88, 0x05, 0x09, 0x91, 0x1B, 0x8F, 0x05, 0x8A, 0x05, 0x07, 0x95, 0x17, 0x91, 0x05,
    0x8C, 0x05, 0x05, 0x99, 0x13, 0x93, 0x05, 0x8E, 0x05, 0x05, 0x99, 0x11, 0x95, 0x05, 0x90, 0x05,
    0x05, 0x99, 0x0F, 0x97, 0x05, 0x92, 0x05, 0x05, 0x99, 0x0F, 0x95, 0x07, 0x94, 0x05, 0x05, 0x99,
    0x0D, 0x97, 0x07, 0x96, 0x05, 0x05, 0x97, 0x0D, 0x97, 0x09, 0x98, 0x05, 0x07, 0x95, 0x0B, 0x97,
    0x0B, 0x9A, 0x05, 0x09, 0x91, 0x0B, 0x97, 0x0D, 0x9C, 0x05, 0x0D, 0x89, 0x0F, 0x95, 0x0F, 0x9E,
    0x03, 0x25, 0x95, 0x11, 0xA0, 0x03, 0x23, 0x95, 0x13, 0xA2, 0x03, 0x21, 0x95, 0x15, 0xA4, 0x03,
    0x1F, 0x95, 0x17, 0xA6, 0x03, 0x1D, 0x97, 0x17, 0xA8, 0x03, 0x1B, 0x97, 0x19, 0xAA, 0x03, 0x1B,
    0x95, 0x1B, 0xAC, 0x03, 0x19, 0x95, 0x1D, 0xAE, 0x03, 0x17, 0x95, 0x1F, 0xB0, 0x03, 0x15, 0x95,
    0x21, 0xB2, 0x03, 0x13, 0x95, 0x23, 0xB4, 0x03, 0x11, 0x95, 0x25, 0xB6, 0x03, 0x0F, 0x97, 0x25,
    0xB8, 0x05, 0x0D, 0x97, 0x0D, 0x8B, 0x0D, 0xBA, 0x05, 0x0B, 0x97, 0x0B, 0x93, 0x09, 0xBC, 0x05,
    0x09, 0x97, 0x0B, 0x97, 0x07, 0xBE, 0x05, 0x07, 0x99, 0x09, 0x99, 0x07, 0xC0, 0x05, 0x05, 0x99,
    0x0B, 0x9B, 0x05, 0xC2, 0x05, 0x03, 0x99, 0x0D, 0x9B, 0x05, 0xC4, 0x05, 0x03, 0x97, 0x0F, 0x9B,
    0x05, 0xC6, 0x05, 0x03, 0x95, 0x11, 0x99, 0x07, 0xC8, 0x05, 0x03, 0x93, 0x13, 0x99, 0x07, 0xCA,
    0xCA, 0xCA, 0x05, 0x03, 0x91, 0x17, 0x95, 0x09, 0xCE, 0x05, 0x05, 0x8D, 0x1B, 0x91, 0x0B, 0xD0,
    0x05, 0x07, 0x87, 0x23, 0x8B, 0x0D, 0xD2, 0x80, 0x80, 0x80, 0x80, 0x80, 0x80, 0x80, 0x80, 0x80,
    0x80, 0x80, 0x80, 0x80, 0x80, 0x80, 0x80,
};

// ASCII 38 '&'  46x100, advance 46
static const uint8_t Bubblegum50_ampersand[] PROGMEM = {
    0x01, 0x2D, 0x80, 0x03, 0x13, 0x85, 0x13, 0x82, 0x03, 0x13, 0x87, 0x11, 0x84, 0x03, 0x11, 0x89,
    0x11, 0x86, 0x86, 0x86, 0x86, 0x86, 0x82, 0x82, 0x80, 0x80, 0x03, 0x11, 0x8D, 0x0D, 0x90, 0x03,
    0x0D, 0x93, 0x0B, 0x92, 0x03, 0x09, 0x9B, 0x07, 0x94, 0x03, 0x07, 0x9D, 0x07, 0x96, 0x03, 0x07,
    0x9F, 0x05, 0x98, 0x03, 0x05, 0xA1, 0x05, 0x9A, 0x9A, 0x9A, 0x03, 0x03, 0xA3, 0x05, 0x9E, 0x03,
    0x03, 0xA1, 0x07, 0xA0, 0x05, 0x03, 0x95, 0x03, 0x87, 0x07, 0xA2, 0x03, 0x03, 0x95, 0x13, 0xA4,
    0x03, 0x03, 0x97, 0x11, 0xA6, 0x03, 0x05, 0x99, 0x0D, 0xA8, 0x03, 0x07, 0x99, 0x0B, 0xAA, 0x03,
    0x09, 0x97, 0x0B, 0xAC, 0xAA, 0xAA, 0xA8, 0xA8, 0x03, 0x05, 0x95, 0x11, 0xB2, 0xA4, 0xA4, 0x05,
    0x03, 0x95, 0x05, 0x83, 0x09, 0xB6, 0x9E, 0x9E, 0x9E, 0x9E, 0x9E, 0x9E, 0x9A, 0x9A, 0x98, 0x98,
    0x94, 0x94, 0x03, 0x0B, 0x97, 0x09, 0xC4, 0x03, 0x0F, 0x8F, 0x0D, 0xC6, 0x80, 0x80, 0x80, 0x80,
    0x80, 0x80, 0x82, 0x82, 0x86, 0x86, 0x86, 0x86, 0x84, 0x84, 0x82, 0x82, 0x80, 0x80, 0x80, 0x80,
    0x80, 0x80, 0x80, 0x80, 0x80, 0x80, 0x80, 0x80,
};

// ASCII 39 '\''  22x100, advance 20
static const uint8_t Bubblegum50_apostrophe[] PROGMEM = {
    0x01, 0x15, 0x80, 0x80, 0x80, 0x80, 0x80, 0x80, 0x80, 0x03, 0x07, 0x8B, 0x01, 0x88, 0x03, 0x05,
    0x8D, 0x01, 0x8A, 0x02, 0x05, 0x8F, 0x8C, 0x03, 0x03, 0x8F, 0x01, 0x8E, 0x8E, 0x8E, 0x03, 0x03,
    0x8D, 0x03, 0x92, 0x03, 0x03, 0x8B, 0x05, 0x94, 0x03, 0x03, 0x89, 0x07, 0x96, 0x03, 0x05, 0x83,
    0x0B, 0x98, 0x80, 0x80, 0x80, 0x80, 0x80, 0x80, 0x80, 0x80, 0x80, 0x80, 0x80, 0x80, 0x80, 0x80,
    0x80, 0x80, 0x80, 0x80, 0x80, 0x80, 0x80, 0x80, 0x80, 0x80, 0x80, 0x80, 0x80, 0x80, 0x80, 0x80,
    0x80, 0x80, 0x80, 0x80, 0x80, 0x80, 0x80, 0x80, 0x80, 0x80, 0x80, 0x80, 0x80, 0x80, 0x80, 0x80,
    0x80, 0x80, 0x80, 0x80, 0x80, 0x80, 0x80, 0x80, 0x80, 0x80, 0x80, 0x80, 0x80, 0x80, 0x80, 0x80,
    0x80, 0x80, 0x80, 0x80, 0x80, 0x80, 0x80, 0x80, 0x80, 0x80, 0x80, 0x80,
};

// ASCII 40 '('  38x100, advance 38
static const uint8_t Bubblegum50_parenleft[] PROGMEM = {
    0x01, 0x25, 0x80, 0x80, 0x80, 0x80, 0x80, 0x03, 0x15, 0x87, 0x07, 0x86, 0x03, 0x11, 0x8D, 0x05,
    0x88, 0x03, 0x0F, 0x91, 0x03, 0x8A, 0x03, 0x0D, 0x93, 0x03, 0x8C, 0x03, 0x0B, 0x95, 0x03, 0x8E,
    0x8E, 0x8E, 0x03, 0x09, 0x97, 0x03, 0x92, 0x92, 0x92, 0x03, 0x07, 0x97, 0x05, 0x96, 0x03, 0x07,
    0x95, 0x07, 0x98, 0x03, 0x05, 0x97, 0x07, 0x9A, 0x9A, 0x9A, 0x03, 0x05, 0x95, 0x09, 0x9E, 0x03,
    0x03, 0x97, 0x09, 0xA0, 0x03, 0x03, 0x95, 0x0B, 0xA2, 0xA2, 0xA2, 0xA2, 0xA2, 0xA2, 0xA2, 0xA2,
    0xA2, 0x03, 0x01, 0x97, 0x0B, 0xAC, 0xAC, 0xAC, 0xAC, 0xAC, 0xAC, 0xAC, 0xAC, 0xAC, 0xA2, 0xA2,
    0xA0, 0xA0, 0xA0, 0xA0, 0xA0, 0xA0, 0x03, 0x03, 0x99, 0x07, 0xBE, 0x9A, 0x9A, 0x03, 0x05, 0x99,
    0x05, 0xC2, 0x96, 0x96, 0x96, 0x96, 0x92, 0x92, 0x92, 0x92, 0x03, 0x0B, 0x93, 0x05, 0xCC, 0xCC,
    0xCC, 0x03, 0x0D, 0x8F, 0x07, 0xD0, 0x03, 0x0F, 0x89, 0x0B, 0xD2, 0x80, 0x80, 0x80, 0x80, 0x80,
    0x80, 0x80, 0x80, 0x80, 0x80, 0x80, 0x80, 0x80, 0x80, 0x80, 0x80,
};

// ASCII 41 ')'  38x100, advance 38
static const uint8_t Bubblegum50_parenright[] PROGMEM = {
    0x01, 0x25, 0x80, 0x80, 0x80, 0x80, 0x80, 0x03, 0x0B, 0x87, 0x11, 0x86, 0x03, 0x07, 0x8D, 0x0F,
    0x88, 0x03, 0x03, 0x93, 0x0D, 0x8A, 0x8A, 0x8A, 0x03, 0x01, 0x97, 0x0B, 0x8E, 0x8E, 0x8E, 0x03,
    0x03, 0x97, 0x09, 0x92, 0x92, 0x92, 0x03, 0x03, 0x99, 0x07, 0x96, 0x03, 0x05, 0x97, 0x07, 0x98,
    0x03, 0x07, 0x95, 0x07, 0x9A, 0x03, 0x07, 0x97, 0x05, 0x9C, 0x03, 0x09, 0x95, 0x05, 0x9E, 0x9E,
    0x9E, 0x03, 0x0B, 0x93, 0x05, 0xA2, 0x03, 0x0B, 0x95, 0x03, 0xA4, 0xA4, 0xA4, 0xA4, 0xA4, 0xA4,
    0xA4, 0xA4, 0xA4, 0xA4, 0xA4, 0xA4, 0xA4, 0xA4, 0xA4, 0xA4, 0xA4, 0xA2, 0xA2, 0x9E, 0x9E, 0x9E,
    0x9E, 0x9E, 0x9E, 0x9C, 0x9C, 0x9A, 0x9A, 0x98, 0x98, 0x03, 0x05, 0x95, 0x09, 0xC4, 0x92, 0x92,
    0x92, 0x92, 0x03, 0x03, 0x95, 0x0B, 0xCA, 0x03, 0x05, 0x91, 0x0D, 0xCC, 0x03, 0x05, 0x8F, 0x0F,
    0xCE, 0x03, 0x07, 0x8B, 0x11, 0xD0, 0x03, 0x09, 0x87, 0x13, 0xD2, 0x80, 0x80, 0x80, 0x80, 0x80,
    0x80, 0x80, 0x80, 0x80, 0x80, 0x80, 0x80, 0x80, 0x80, 0x80, 0x80,
};

// ASCII 42 '*'  42x100, advance 42
static const uint8_t Bubblegum50_asterisk[] PROGMEM = {
    0x01, 0x29, 0x80, 0x80, 0x80, 0x80, 0x80, 0x80, 0x80, 0x80, 0x80, 0x05, 0x0B, 0x85, 0x07, 0x83,
    0x0B, 0x8A, 0x05, 0x0B, 0x85, 0x05, 0x85, 0x0B, 0x8C, 0x05, 0x0B, 0x87, 0x01, 0x87, 0x0B, 0x8E,
    0x8E, 0x8E, 0x03, 0x0D, 0x8D, 0x0D, 0x92, 0x03, 0x05, 0x9D, 0x05, 0x94, 0x94, 0x94, 0x94, 0x94,
    0x05, 0x0F, 0x8B, 0x01, 0x83, 0x07, 0x9A, 0x03, 0x0D, 0x8F, 0x0B, 0x9C, 0x8E, 0x8E, 0x05, 0x0B,
    0x87, 0x03, 0x87, 0x09, 0xA0, 0x8C, 0x8C, 0x05, 0x0D, 0x83, 0x07, 0x83, 0x0B, 0xA4, 0x80, 0x80,
    0x80, 0x80, 0x80, 0x80, 0x80, 0x80, 0x80, 0x80, 0x80, 0x80, 0x80, 0x80, 0x80, 0x80, 0x80, 0x80,
    0x80, 0x80, 0x80, 0x80, 0x80, 0x80, 0x80, 0x80, 0x80, 0x80, 0x80, 0x80, 0x80, 0x80, 0x80, 0x80,
    0x80, 0x80, 0x80, 0x80, 0x80, 0x80, 0x80, 0x80, 0x80, 0x80, 0x80, 0x80, 0x80, 0x80, 0x80, 0x80,
    0x80, 0x80, 0x80, 0x80, 0x80, 0x80, 0x80, 0x80, 0x80, 0x80, 0x80, 0x80,
};

// ASCII 43 '+'  42x100, advance 42
static const uint8_t Bubblegum50_plus[] PROGMEM = {
    0x01, 0x29, 0x80, 0x80, 0x80, 0x80, 0x80, 0x80, 0x80, 0x80, 0x80, 0x80, 0x80, 0x80, 0x80, 0x80,
    0x80, 0x80, 0x80, 0x80, 0x80, 0x80, 0x80, 0x80, 0x80, 0x80, 0x80, 0x03, 0x13, 0x83, 0x11, 0x9A,
    0x03, 0x0F, 0x89, 0x0F, 0x9C, 0x03, 0x0D, 0x8D, 0x0D, 0x9E, 0x9E, 0x9E, 0x9E, 0x9E, 0x9E, 0x9E,
    0x03, 0x0D, 0x8F, 0x0B, 0xA6, 0x03, 0x0D, 0x93, 0x07, 0xA8, 0x03, 0x05, 0x9F, 0x03, 0xAA, 0x03,
    0x03, 0xA3, 0x01, 0xAC, 0x03, 0x01, 0xA5, 0x01, 0xAE, 0xAE, 0xAE, 0xAE, 0xAE, 0x03, 0x01, 0xA3,
    0x03, 0xB4, 0x03, 0x03, 0xA1, 0x03, 0xB6, 0x03, 0x07, 0x97, 0x09, 0xB8, 0x9E, 0x9E, 0x9E, 0x9E,
    0x03, 0x0B, 0x8F, 0x0D, 0xBE, 0xBE, 0xBE, 0x9E, 0x9E, 0x03, 0x0D, 0x8B, 0x0F, 0xC4, 0x03, 0x0F,
    0x87, 0x11, 0xC6, 0x80, 0x80, 0x80, 0x80, 0x80, 0x80, 0x80, 0x80, 0x80, 0x80, 0x80, 0x80, 0x80,
    0x80, 0x80, 0x80, 0x80, 0x80, 0x80, 0x80, 0x80, 0x80, 0x80, 0x80, 0x80, 0x80, 0x80, 0x80,
};

// ASCII 44 ','  24x100, advance 20
static const uint8_t Bubblegum50_comma[] PROGMEM = {
    0x01, 0x17, 0x80, 0x80, 0x80, 0x80, 0x80, 0x80, 0x80, 0x80, 0x80, 0x80, 0x80, 0x80, 0x80, 0x80,
    0x80, 0x80, 0x80, 0x80, 0x80, 0x80, 0x80, 0x80, 0x80, 0x80, 0x80, 0x80, 0x80, 0x80, 0x80, 0x80,
    0x80, 0x80, 0x80, 0x80, 0x80, 0x80, 0x80, 0x80, 0x80, 0x80, 0x80, 0x80, 0x80, 0x80, 0x80, 0x80,
    0x80, 0x80, 0x80, 0x80, 0x80, 0x80, 0x80, 0x80, 0x80, 0x80, 0x80, 0x80, 0x80, 0x80, 0x80, 0x80,
    0x80, 0x80, 0x80, 0x80, 0x80, 0x03, 0x05, 0x8B, 0x05, 0xC4, 0x03, 0x03, 0x8F, 0x03, 0xC6, 0x03,
    0x03, 0x91, 0x01, 0xC8, 0x03, 0x01, 0x93, 0x01, 0xCA, 0xCA, 0xCA, 0xCA, 0xCA, 0xCA, 0xCA, 0xC8,
    0xC8, 0x03, 0x07, 0x8D, 0x01, 0xD4, 0x03, 0x07, 0x8B, 0x03, 0xD6, 0xD6, 0xD6, 0x03, 0x09, 0x87,
    0x05, 0xDA, 0x80, 0x80, 0x80, 0x80, 0x80, 0x80, 0x80, 0x80,
};

// ASCII 45 '-'  40x100, advance 40
static const uint8_t Bubblegum50_minus[] PROGMEM = {
    0x01, 0x27, 0x80, 0x80, 0x80, 0x80, 0x80, 0x80, 0x80, 0x80, 0x80, 0x80, 0x80, 0x80, 0x80, 0x80,
    0x80, 0x80, 0x80, 0x80, 0x80, 0x80, 0x80, 0x80, 0x80, 0x80, 0x80, 0x80, 0x80, 0x80, 0x80, 0x80,
    0x80, 0x80, 0x80, 0x80, 0x80, 0x80, 0x80, 0x80, 0x80, 0x03, 0x0B, 0x93, 0x07, 0xA8, 0x03, 0x05,
    0x9B, 0x05, 0xAA, 0x03, 0x03, 0x9F, 0x03, 0xAC, 0xAC, 0xAC, 0xAC, 0xAC, 0xAC, 0xAC, 0xAC, 0xAC,
    0x03, 0x03, 0x9D, 0x05, 0xB6, 0x03, 0x05, 0x99, 0x07, 0xB8, 0x80, 0x80, 0x80, 0x80, 0x80, 0x80,
    0x80, 0x80, 0x80, 0x80, 0x80, 0x80, 0x80, 0x80, 0x80, 0x80, 0x80, 0x80, 0x80, 0x80, 0x80, 0x80,
    0x80, 0x80, 0x80, 0x80, 0x80, 0x80, 0x80, 0x80, 0x80, 0x80, 0x80, 0x80, 0x80, 0x80, 0x80, 0x80,
    0x80, 0x80, 0x80, 0x80,
};

// ASCII 46 '.'  30x100, advance 30
static const uint8_t Bubblegum50_period[] PROGMEM = {
    0x01, 0x1D, 0x80, 0x80, 0x80, 0x80, 0x80, 0x80, 0x80, 0x80, 0x80, 0x80, 0x80, 0x80, 0x80, 0x80,
    0x80, 0x80, 0x80, 0x80, 0x80, 0x80, 0x80, 0x80, 0x80, 0x80, 0x80, 0x80, 0x80, 0x80, 0x80, 0x80,
    0x80, 0x80, 0x80, 0x80, 0x80, 0x80, 0x80, 0x80, 0x80, 0x80, 0x80, 0x80, 0x80, 0x80, 0x80, 0x80,
    0x80, 0x80, 0x80, 0x80, 0x80, 0x80, 0x80, 0x80, 0x80, 0x80, 0x80, 0x80, 0x80, 0x80, 0x80, 0x80,
    0x80, 0x03, 0x07, 0x8B, 0x09, 0xC0, 0x03, 0x03, 0x91, 0x07, 0xC2, 0x03, 0x03, 0x93, 0x05, 0xC4,
    0x03, 0x01, 0x95, 0x05, 0xC6, 0xC6, 0xC6, 0xC4, 0xC4, 0xC4, 0xC4, 0x03, 0x05, 0x8F, 0x07, 0xCE,
    0xC0, 0xC0, 0x80, 0x80, 0x80, 0x80, 0x80, 0x80, 0x80, 0x80, 0x80, 0x80, 0x80, 0x80, 0x80, 0x80,
    0x80, 0x80, 0x80, 0x80,
};

// ASCII 47 '/'  44x100, advance 44
static const uint8_t Bubblegum50_slash[] PROGMEM = {
    0x01, 0x2B, 0x80, 0x80, 0x80, 0x80, 0x80, 0x80, 0x80, 0x03, 0x1B, 0x85, 0x09, 0x88, 0x03, 0x17,
    0x8D, 0x05, 0x8A, 0x03, 0x17, 0x8F, 0x03, 0x8C, 0x03, 0x15, 0x93, 0x01, 0x8E, 0x03, 0x13, 0x95,
    0x01, 0x90, 0x90, 0x90, 0x90, 0x90, 0x03, 0x11, 0x97, 0x01, 0x96, 0x03, 0x11, 0x95, 0x03, 0x98,
    0x03, 0x0F, 0x97, 0x03, 0x9A, 0x9A, 0x9A, 0x9A, 0x9A, 0x03, 0x0D, 0x97, 0x05, 0xA0, 0xA0, 0xA0,
    0x03, 0x0D, 0x95, 0x07, 0xA4, 0x03, 0x0B, 0x97, 0x07, 0xA6, 0xA6, 0xA6, 0x03, 0x09, 0x97, 0x09,
    0xAA, 0xAA, 0xAA, 0x03, 0x09, 0x95, 0x0B, 0xAE, 0x03, 0x07, 0x97, 0x0B, 0xB0, 0xB0, 0xB0, 0x03,
    0x07, 0x95, 0x0D, 0xB4, 0x03, 0x05, 0x97, 0x0D, 0xB6, 0x03, 0x05, 0x95, 0x0F, 0xB8, 0x03, 0x03,
    0x97, 0x0F, 0xBA, 0xBA, 0xBA, 0x03, 0x03, 0x95, 0x11, 0xBE, 0x03, 0x01, 0x97, 0x11, 0xC0, 0x03,
    0x01, 0x95, 0x13, 0xC2, 0xC2, 0xC2, 0x03, 0x01, 0x93, 0x15, 0xC6, 0x02, 0x95, 0x15, 0xC8, 0x02,
    0x93, 0x17, 0xCA, 0x03, 0x01, 0x91, 0x17, 0xCC, 0x03, 0x01, 0x8F, 0x19, 0xCE, 0x03, 0x03, 0x8D,
    0x19, 0xD0, 0x03, 0x05, 0x89, 0x1B, 0xD2, 0x80, 0x80, 0x80, 0x80, 0x80, 0x80, 0x80, 0x80, 0x80,
    0x80, 0x80, 0x80, 0x80, 0x80, 0x80, 0x80,
};

// ASCII 48 '0'  56x100, advance 56
static const uint8_t Bubblegum50_digit_0[] PROGMEM = {
    0x01, 0x37, 0x80, 0x80, 0x80, 0x80, 0x80, 0x80, 0x80, 0x80, 0x80, 0x03, 0x15, 0x8B, 0x15, 0x8A,
    0x03, 0x11, 0x93, 0x11, 0x8C, 0x03, 0x0D, 0x9B, 0x0D, 0x8E, 0x03, 0x0B, 0x9F, 0x0B, 0x90, 0x03,
    0x09, 0xA3, 0x09, 0x92, 0x03, 0x09, 0xA5, 0x07, 0x94, 0x03, 0x07, 0xA7, 0x07, 0x96, 0x03, 0x07,
    0xA9, 0x05, 0x98, 0x03, 0x05, 0xAB, 0x05, 0x9A, 0x03, 0x05, 0xAD, 0x03, 0x9C, 0x9C, 0x9C, 0x03,
    0x03, 0xAF, 0x03, 0xA0, 0x05, 0x03, 0x97, 0x01, 0x95, 0x03, 0xA2, 0x05, 0x03, 0x95, 0x03, 0x95,
    0x03, 0xA4, 0xA4, 0xA4, 0xA4, 0xA4, 0xA4, 0xA4, 0xA4, 0xA4, 0xA4, 0xA4, 0x05, 0x01, 0x97, 0x03,
    0x95, 0x03, 0xB0, 0xB0, 0xB0, 0xA4, 0xA4, 0xA4, 0xA4, 0x05, 0x03, 0x95, 0x01, 0x97, 0x03, 0xB8,
    0xB8, 0xB8, 0x9A, 0x9A, 0x9A, 0x9A, 0x9A, 0x9A, 0x96, 0x96, 0x96, 0x96, 0x94, 0x94, 0x03, 0x0B,
    0xA1, 0x09, 0xC8, 0x90, 0x90, 0x03, 0x0F, 0x99, 0x0D, 0xCC, 0x03, 0x11, 0x95, 0x0F, 0xCE, 0x03,
    0x17, 0x8B, 0x13, 0xD0, 0x80, 0x80, 0x80, 0x80, 0x80, 0x80, 0x80, 0x80, 0x80, 0x80, 0x80, 0x80,
    0x80, 0x80, 0x80, 0x80, 0x80, 0x80,
};

// ASCII 49 '1'  56x100, advance 56
static const uint8_t Bubblegum50_digit_1[] PROGMEM = {
    0x01, 0x37, 0x80, 0x80, 0x80, 0x80, 0x80, 0x80, 0x80, 0x80, 0x80, 0x03, 0x19, 0x87, 0x15, 0x8A,
    0x03, 0x15, 0x8F, 0x11, 0x8C, 0x03, 0x13, 0x93, 0x0F, 0x8E, 0x03, 0x0F, 0x97, 0x0F, 0x90, 0x03,
    0x0D, 0x9B, 0x0D, 0x92, 0x92, 0x92, 0x03, 0x0B, 0x9F, 0x0B, 0x96, 0x96, 0x96, 0x03, 0x09, 0xA1,
    0x0B, 0x9A, 0x9A, 0x9A, 0x9A, 0x9A, 0x9A, 0x9A, 0x03, 0x0B, 0xA1, 0x09, 0xA2, 0xA2, 0xA2, 0x03,
    0x11, 0x9B, 0x09, 0xA6, 0xA6, 0xA6, 0xA6, 0xA6, 0xA6, 0xA6, 0xA6, 0xA6, 0xA6, 0xA6, 0x03, 0x0F,
    0x9D, 0x09, 0xB2, 0x03, 0x0F, 0x9B, 0x0B, 0xB4, 0xB4, 0xB4, 0xB4, 0xB4, 0xB4, 0xB4, 0xB4, 0xB4,
    0xB4, 0xB4, 0xB4, 0xB4, 0xB4, 0xB4, 0x03, 0x0F, 0x99, 0x0D, 0xC4, 0xC4, 0xC4, 0xC4, 0xC4, 0x03,
    0x11, 0x97, 0x0D, 0xCA, 0x8E, 0x8E, 0x03, 0x13, 0x91, 0x11, 0xCE, 0x03, 0x17, 0x89, 0x15, 0xD0,
    0x80, 0x80, 0x80, 0x80, 0x80, 0x80, 0x80, 0x80, 0x80, 0x80, 0x80, 0x80, 0x80, 0x80, 0x80, 0x80,
    0x80, 0x80,
};

// ASCII 50 '2'  56x100, advance 56
static const uint8_t Bubblegum50_digit_2[] PROGMEM = {
    0x01, 0x37, 0x80, 0x80, 0x80, 0x80, 0x80, 0x80, 0x80, 0x80, 0x80, 0x03, 0x13, 0x8D, 0x15, 0x8A,
    0x03, 0x0F, 0x95, 0x11, 0x8C, 0x03, 0x0B, 0x9B, 0x0F, 0x8E, 0x03, 0x09, 0x9F, 0x0D, 0x90, 0x03,
    0x07, 0xA3, 0x0B, 0x92, 0x03, 0x05, 0xA7, 0x09, 0x94, 0x94, 0x94, 0x03, 0x05, 0xA9, 0x07, 0x98,
    0x98, 0x98, 0x98, 0x98, 0x03, 0x05, 0xAB, 0x05, 0x9E, 0x03, 0x07, 0xA9, 0x05, 0xA0, 0x05, 0x0B,
    0x87, 0x03, 0x99, 0x05, 0xA2, 0x03, 0x15, 0x9B, 0x05, 0xA4, 0x03, 0x13, 0x9B, 0x07, 0xA6, 0x03,
    0x11, 0x9D, 0x07, 0xA8, 0x03, 0x0F, 0x9F, 0x07, 0xAA, 0x03, 0x0D, 0x9F, 0x09, 0xAC, 0x03, 0x0B,
    0xA1, 0x09, 0xAE, 0x03, 0x09, 0xA1, 0x0B, 0xB0, 0x90, 0x90, 0x03, 0x07, 0x9F, 0x0F, 0xB4, 0xB4,
    0xB4, 0x03, 0x07, 0x9B, 0x13, 0xB8, 0x03, 0x05, 0x9B, 0x15, 0xBA, 0x03, 0x05, 0x97, 0x19, 0xBC,
    0x94, 0x94, 0x9E, 0x9E, 0x9E, 0x9E, 0x9E, 0x9E, 0x9E, 0x9E, 0xA0, 0xA0, 0x03, 0x09, 0xA7, 0x05,
    0xCA, 0x03, 0x09, 0xA5, 0x07, 0xCC, 0xAC, 0xAC, 0x03, 0x13, 0x93, 0x0F, 0xD0, 0x80, 0x80, 0x80,
    0x80, 0x80, 0x80, 0x80, 0x80, 0x80, 0x80, 0x80, 0x80, 0x80, 0x80, 0x80, 0x80, 0x80, 0x80,
};

// ASCII 51 '3'  56x100, advance 56
static const uint8_t Bubblegum50_digit_3[] PROGMEM = {
    0x01, 0x37, 0x80, 0x80, 0x80, 0x80, 0x80, 0x80, 0x80, 0x80, 0x80, 0x03, 0x11, 0x8F, 0x15, 0x8A,
    0x03, 0x0D, 0x97, 0x11, 0x8C, 0x03, 0x0B, 0x9D, 0x0D, 0x8E, 0x03, 0x07, 0xA3, 0x0B, 0x90, 0x03,
    0x05, 0xA7, 0x09, 0x92, 0x03, 0x05, 0xA9, 0x07, 0x94, 0x03, 0x03, 0xAD, 0x05, 0x96, 0x96, 0x96,
    0x96, 0x96, 0x03, 0x05, 0xAD, 0x03, 0x9C, 0x03, 0x07, 0xAB, 0x03, 0x9E, 0x05, 0x09, 0x83, 0x09,
    0x99, 0x05, 0xA0, 0x03, 0x17, 0x99, 0x05, 0xA2, 0x03, 0x15, 0x9B, 0x05, 0xA4, 0x03, 0x0F, 0x9F,
    0x07, 0xA6, 0x03, 0x0D, 0xA1, 0x07, 0xA8, 0x03, 0x0B, 0xA1, 0x09, 0xAA, 0x03, 0x0B, 0x9F, 0x0B,
    0xAC, 0x03, 0x0D, 0x9F, 0x09, 0xAE, 0xA8, 0xA8, 0x03, 0x11, 0x9F, 0x05, 0xB2, 0xA2, 0xA2, 0xA2,
    0xA2, 0xA0, 0xA0, 0x03, 0x07, 0xA9, 0x05, 0xBA, 0xBA, 0xBA, 0x03, 0x05, 0xAB, 0x05, 0xBE, 0xBE,
    0xBE, 0xBE, 0xBE, 0x94, 0x94, 0x94, 0x94, 0x03, 0x07, 0xA5, 0x09, 0xC8, 0x90, 0x90, 0x03, 0x09,
    0x9F, 0x0D, 0xCC, 0x8C, 0x8C, 0x03, 0x11, 0x8D, 0x17, 0xD0, 0x80, 0x80, 0x80, 0x80, 0x80, 0x80,
    0x80, 0x80, 0x80, 0x80, 0x80, 0x80, 0x80, 0x80, 0x80, 0x80, 0x80, 0x80,
};

// ASCII 52 '4'  56x100, advance 56
static const uint8_t Bubblegum50_digit_4[] PROGMEM = {
    0x01, 0x37, 0x80, 0x80, 0x80, 0x80, 0x80, 0x80, 0x80, 0x80, 0x80, 0x03, 0x17, 0x8D, 0x11, 0x8A,
    0x03, 0x13, 0x95, 0x0D, 0x8C, 0x03, 0x11, 0x99, 0x0B, 0x8E, 0x03, 0x11, 0x9B, 0x09, 0x90, 0x03,
    0x0F, 0x9F, 0x07, 0x92, 0x03, 0x0D, 0xA1, 0x07, 0x94, 0x03, 0x0D, 0xA3, 0x05, 0x96, 0x03, 0x0B,
    0xA5, 0x05, 0x98, 0x98, 0x98, 0x03, 0x09, 0xA7, 0x05, 0x9C, 0x9C, 0x9C, 0x03, 0x07, 0xA9, 0x05,
    0xA0, 0x05, 0x07, 0x91, 0x01, 0x95, 0x05, 0xA2, 0x05, 0x05, 0x93, 0x01, 0x95, 0x05, 0xA4, 0x05,
    0x05, 0x91, 0x03, 0x95, 0x05, 0xA6, 0x05, 0x03, 0x93, 0x03, 0x95, 0x05, 0xA8, 0x05, 0x03, 0x93,
    0x03, 0x93, 0x07, 0xAA, 0xAA, 0xAA, 0x03, 0x01, 0xB1, 0x03, 0xAE, 0xAE, 0xAE, 0x03, 0x01, 0xB3,
    0x01, 0xB2, 0xB2, 0xB2, 0xB2, 0xB2, 0xB2, 0xB2, 0x03, 0x03, 0xB1, 0x01, 0xBA, 0x03, 0x05, 0xAD,
    0x03, 0xBC, 0x03, 0x07, 0xA7, 0x07, 0xBE, 0x03, 0x0D, 0x9F, 0x09, 0xC0, 0x03, 0x15, 0x97, 0x09,
    0xC2, 0xC2, 0xC2, 0xC2, 0xC2, 0xC2, 0xC2, 0x03, 0x17, 0x95, 0x09, 0xCA, 0x03, 0x17, 0x93, 0x0B,
    0xCC, 0x03, 0x19, 0x91, 0x0B, 0xCE, 0x03, 0x1B, 0x8B, 0x0F, 0xD0, 0x80, 0x80, 0x80, 0x80, 0x80,
    0x80, 0x80, 0x80, 0x80, 0x80, 0x80, 0x80, 0x80, 0x80, 0x80, 0x80, 0x80, 0x80,
};

// ASCII 53 '5'  56x100, advance 56
static const uint8_t Bubblegum50_digit_5[] PROGMEM = {
    0x01, 0x37, 0x80, 0x80, 0x80, 0x80, 0x80, 0x80, 0x80, 0x80, 0x80, 0x03, 0x19, 0x8D, 0x0F, 0x8A,
    0x03, 0x11, 0x99, 0x0B, 0x8C, 0x03, 0x0D, 0x9F, 0x09, 0x8E, 0x03, 0x09, 0xA5, 0x07, 0x90, 0x03,
    0x09, 0xA7, 0x05, 0x92, 0x03, 0x07, 0xA9, 0x05, 0x94, 0x94, 0x94, 0x03, 0x07, 0xA7, 0x07, 0x98,
    0x98, 0x98, 0x03, 0x05, 0xA5, 0x0B, 0x9C, 0x05, 0x05, 0x95, 0x03, 0x89, 0x0D, 0x9E, 0x03, 0x05,
    0x95, 0x1B, 0xA0, 0xA0, 0xA0, 0xA0, 0xA0, 0x03, 0x05, 0x9F, 0x11, 0xA6, 0x03, 0x05, 0xA3, 0x0D,
    0xA8, 0x03, 0x05, 0xA7, 0x09, 0xAA, 0x03, 0x05, 0xA9, 0x07, 0xAC, 0xAC, 0xAC, 0x94, 0x94, 0x94,
    0x94, 0x05, 0x0B, 0x87, 0x01, 0x9B, 0x05, 0xB4, 0x03, 0x17, 0x99, 0x05, 0xB6, 0xB6, 0xB6, 0xB6,
    0xB6, 0x03, 0x0D, 0xA3, 0x05, 0xBC, 0x94, 0x94, 0x94, 0x94, 0x98, 0x98, 0x98, 0x98, 0x03, 0x07,
    0xA5, 0x09, 0xC6, 0xC6, 0xC6, 0x03, 0x07, 0xA3, 0x0B, 0xCA, 0x03, 0x09, 0x9F, 0x0D, 0xCC, 0x03,
    0x0B, 0x99, 0x11, 0xCE, 0x03, 0x0F, 0x8F, 0x17, 0xD0, 0x80, 0x80, 0x80, 0x80, 0x80, 0x80, 0x80,
    0x80, 0x80, 0x80, 0x80, 0x80, 0x80, 0x80, 0x80, 0x80, 0x80, 0x80,
};

// ASCII 54 '6'  56x100, advance 56
static const uint8_t Bubblegum50_digit_6[] PROGMEM = {
    0x01, 0x37, 0x80, 0x80, 0x80, 0x80, 0x80, 0x80, 0x80, 0x80, 0x80, 0x03, 0x19, 0x89, 0x13, 0x8A,
    0x03, 0x15, 0x8F, 0x11, 0x8C, 0x03, 0x11, 0x95, 0x0F, 0x8E, 0x03, 0x0F, 0x97, 0x0F, 0x90, 0x03,
    0x0D, 0x9B, 0x0D, 0x92, 0x92, 0x92, 0x03, 0x0B, 0x9B, 0x0F, 0x96, 0x96, 0x96, 0x03, 0x09, 0x9D,
    0x0F, 0x9A, 0x03, 0x09, 0x9B, 0x11, 0x9C, 0x03, 0x07, 0x9B, 0x13, 0x9E, 0x03, 0x07, 0x99, 0x15,
    0xA0, 0x03, 0x07, 0x97, 0x17, 0xA2, 0x03, 0x07, 0x95, 0x19, 0xA4, 0x03, 0x05, 0xA1, 0x0F, 0xA6,
    0x03, 0x05, 0xA5, 0x0B, 0xA8, 0x03, 0x05, 0xA7, 0x09, 0xAA, 0x03, 0x05, 0xA9, 0x07, 0xAC, 0xAC,
    0xAC, 0x03, 0x05, 0xAB, 0x05, 0xB0, 0xB0, 0xB0, 0x05, 0x05, 0x93, 0x01, 0x95, 0x05, 0xB4, 0x05,
    0x05, 0x91, 0x05, 0x93, 0x05, 0xB6, 0x05, 0x05, 0x91, 0x03, 0x95, 0x05, 0xB8, 0xB8, 0xB8, 0xB8,
    0xB8, 0x05, 0x05, 0x91, 0x01, 0x97, 0x05, 0xBE, 0x03, 0x07, 0xA9, 0x05, 0xC0, 0xC0, 0xC0, 0x03,
    0x07, 0xA7, 0x07, 0xC4, 0x03, 0x09, 0xA5, 0x07, 0xC6, 0x03, 0x0B, 0xA1, 0x09, 0xC8, 0x03, 0x0B,
    0x9F, 0x0B, 0xCA, 0x03, 0x0F, 0x99, 0x0D, 0xCC, 0x8E, 0x8E, 0x03, 0x17, 0x8B, 0x13, 0xD0, 0x80,
    0x80, 0x80, 0x80, 0x80, 0x80, 0x80, 0x80, 0x80, 0x80, 0x80, 0x80, 0x80, 0x80, 0x80, 0x80, 0x80,
    0x80,
};

// ASCII 55 '7'  56x100, advance 56
static const uint8_t Bubblegum50_digit_7[] PROGMEM = {
    0x01, 0x37, 0x80, 0x80, 0x80, 0x80, 0x80, 0x80, 0x80, 0x80, 0x80, 0x03, 0x15, 0x8D, 0x13, 0x8A,
    0x03, 0x0D, 0x9B, 0x0D, 0x8C, 0x03, 0x0B, 0x9F, 0x0B, 0x8E, 0x03, 0x09, 0xA3, 0x09, 0x90, 0x03,
    0x07, 0xA7, 0x07, 0x92, 0x92, 0x92, 0x03, 0x05, 0xA9, 0x07, 0x96, 0x96, 0x96, 0x03, 0x05, 0xAB,
    0x05, 0x9A, 0x03, 0x07, 0xA9, 0x05, 0x9C, 0x9C, 0x9C, 0x92, 0x92, 0x03, 0x09, 0xA5, 0x07, 0xA2,
    0x03, 0x19, 0x95, 0x07, 0xA4, 0x03, 0x17, 0x97, 0x07, 0xA6, 0x03, 0x15, 0x99, 0x07, 0xA8, 0x03,
    0x15, 0x97, 0x09, 0xAA, 0x03, 0x13, 0x99, 0x09, 0xAC, 0xAC, 0xAC, 0x03, 0x11, 0x9B, 0x09, 0xB0,
    0xB0, 0xB0, 0x03, 0x11, 0x99, 0x0B, 0xB4, 0x03, 0x0F, 0x9B, 0x0B, 0xB6, 0xB6, 0xB6, 0xB6, 0xB6,
    0xB6, 0xB6, 0x03, 0x0D, 0x9D, 0x0B, 0xBE, 0x8C, 0x8C, 0x8C, 0x8C, 0x8C, 0x8C, 0x8C, 0x8C, 0x03,
    0x0F, 0x97, 0x0F, 0xC8, 0xC8, 0xC8, 0x03, 0x0F, 0x95, 0x11, 0xCC, 0x03, 0x11, 0x91, 0x13, 0xCE,
    0x03, 0x15, 0x89, 0x17, 0xD0, 0x80, 0x80, 0x80, 0x80, 0x80, 0x80, 0x80, 0x80, 0x80, 0x80, 0x80,
    0x80, 0x80, 0x80, 0x80, 0x80, 0x80, 0x80,
};

// ASCII 56 '8'  56x100, advance 56
static const uint8_t Bubblegum50_digit_8[] PROGMEM = {
    0x01, 0x37, 0x80, 0x80, 0x80, 0x80, 0x80, 0x80, 0x80, 0x80, 0x80, 0x03, 0x13, 0x8F, 0x13, 0x8A,
    0x03, 0x0F, 0x97, 0x0F, 0x8C, 0x03, 0x0B, 0x9D, 0x0D, 0x8E, 0x03, 0x09, 0xA1, 0x0B, 0x90, 0x03,
    0x07, 0xA5, 0x09, 0x92, 0x03, 0x07, 0xA7, 0x07, 0x94, 0x03, 0x05, 0xA9, 0x07, 0x96, 0x96, 0x96,
    0x05, 0x05, 0x93, 0x03, 0x93, 0x05, 0x9A, 0x05, 0x03, 0x95, 0x03, 0x91, 0x07, 0x9C, 0x05, 0x03,
    0x93, 0x05, 0x91, 0x07, 0x9E, 0x05, 0x03, 0x93, 0x03, 0x93, 0x07, 0xA0, 0xA0, 0xA0, 0x05, 0x05,
    0x91, 0x01, 0x93, 0x09, 0xA4, 0x03, 0x05, 0xA7, 0x09, 0xA6, 0x03, 0x07, 0xA3, 0x0B, 0xA8, 0x03,
    0x09, 0x9F, 0x0D, 0xAA, 0x03, 0x0D, 0x99, 0x0F, 0xAC, 0x03, 0x0B, 0x9F, 0x0B, 0xAE, 0x03, 0x09,
    0xA5, 0x07, 0xB0, 0x94, 0x94, 0x03, 0x05, 0xAB, 0x05, 0xB4, 0xB4, 0xB4, 0x05, 0x03, 0x95, 0x03,
    0x95, 0x03, 0xB8, 0x05, 0x03, 0x93, 0x05, 0x95, 0x03, 0xBA, 0xBA, 0xBA, 0x05, 0x03, 0x93, 0x03,
    0x97, 0x03, 0xBE, 0x05, 0x03, 0x93, 0x01, 0x99, 0x03, 0xC0, 0x03, 0x03, 0xAD, 0x05, 0xC2, 0xB4,
    0xB4, 0xB4, 0xB4, 0x94, 0x94, 0x92, 0x92, 0x90, 0x90, 0x03, 0x0D, 0x9B, 0x0D, 0xCE, 0x03, 0x11,
    0x91, 0x13, 0xD0, 0x80, 0x80, 0x80, 0x80, 0x80, 0x80, 0x80, 0x80, 0x80, 0x80, 0x80, 0x80, 0x80,
    0x80, 0x80, 0x80, 0x80, 0x80,
};

// ASCII 57 '9'  56x100, advance 56
static const uint8_t Bubblegum50_digit_9[] PROGMEM = {
    0x01, 0x37, 0x80, 0x80, 0x80, 0x80, 0x80, 0x80, 0x80, 0x80, 0x80, 0x03, 0x15, 0x8D, 0x13, 0x8A,
    0x03, 0x11, 0x97, 0x0D, 0x8C, 0x03, 0x0D, 0x9D, 0x0B, 0x8E, 0x03, 0x0B, 0xA1, 0x09, 0x90, 0x03,
    0x09, 0xA5, 0x07, 0x92, 0x03, 0x09, 0xA7, 0x05, 0x94, 0x03, 0x07, 0xA9, 0x05, 0x96, 0x03, 0x05,
    0xAD, 0x03, 0x98, 0x98, 0x98, 0x05, 0x03, 0x97, 0x01, 0x95, 0x03, 0x9C, 0x05, 0x03, 0x95, 0x05,
    0x93, 0x03, 0x9E, 0x9E, 0x9E, 0x9E, 0x9E, 0x9E, 0x9E, 0x05, 0x03, 0x95, 0x03, 0x95, 0x03, 0xA6,
    0x03, 0x03, 0xAF, 0x03, 0xA8, 0xA8, 0xA8, 0x98, 0x98, 0x98, 0x98, 0x96, 0x96, 0x94, 0x94, 0x03,
    0x0B, 0xA5, 0x05, 0xB4, 0x03, 0x0F, 0xA1, 0x05, 0xB6, 0x03, 0x15, 0x99, 0x07, 0xB8, 0x03, 0x13,
    0x9B, 0x07, 0xBA, 0x03, 0x11, 0x9B, 0x09, 0xBC, 0x03, 0x0F, 0x9D, 0x09, 0xBE, 0x8E, 0x8E, 0x8E,
    0x8E, 0x03, 0x0D, 0x9B, 0x0D, 0xC4, 0xC4, 0xC4, 0x03, 0x0D, 0x99, 0x0F, 0xC8, 0x03, 0x0D, 0x97,
    0x11, 0xCA, 0xCA, 0xCA, 0x03, 0x0F, 0x91, 0x15, 0xCE, 0x03, 0x11, 0x8B, 0x19, 0xD0, 0x80, 0x80,
    0x80, 0x80, 0x80, 0x80, 0x80, 0x80, 0x80, 0x80, 0x80, 0x80, 0x80, 0x80, 0x80, 0x80, 0x80, 0x80,
};

// ASCII 58 ':'  30x100, advance 30
static const uint8_t Bubblegum50_colon[] PROGMEM = {
    0x01, 0x1D, 0x80, 0x80, 0x80, 0x80, 0x80, 0x80, 0x80, 0x80, 0x80, 0x80, 0x80, 0x80, 0x80, 0x80,
    0x80, 0x80, 0x80, 0x80, 0x80, 0x80, 0x80, 0x80, 0x80, 0x80, 0x80, 0x80, 0x80, 0x80, 0x80, 0x80,
    0x80, 0x03, 0x09, 0x89, 0x09, 0xA0, 0x03, 0x05, 0x91, 0x05, 0xA2, 0x03, 0x03, 0x93, 0x05, 0xA4,
    0x03, 0x03, 0x95, 0x03, 0xA6, 0xA6, 0xA6, 0xA6, 0xA6, 0xA6, 0xA6, 0xA4, 0xA4, 0xA2, 0xA2, 0xA0,
    0xA0, 0x80, 0x80, 0x80, 0x80, 0x80, 0x80, 0x80, 0x80, 0x80, 0x80, 0x80, 0x80, 0x03, 0x07, 0x8D,
    0x07, 0xC0, 0xA2, 0xA2, 0xA4, 0xA4, 0xA6, 0xA6, 0xA6, 0xA6, 0xA6, 0xA6, 0xA4, 0xA4, 0xA2, 0xA2,
    0x03, 0x07, 0x8B, 0x09, 0xD0, 0x80, 0x80, 0x80, 0x80, 0x80, 0x80, 0x80, 0x80, 0x80, 0x80, 0x80,
    0x80, 0x80, 0x80, 0x80, 0x80, 0x80, 0x80,
};

// ASCII 59 ';'  26x100, advance 24
static const uint8_t Bubblegum50_semicolon[] PROGMEM = {
    0x01, 0x19, 0x80, 0x80, 0x80, 0x80, 0x80, 0x80, 0x80, 0x80, 0x80, 0x80, 0x80, 0x80, 0x80, 0x80,
    0x80, 0x80, 0x80, 0x80, 0x80, 0x80, 0x80, 0x80, 0x80, 0x80, 0x80, 0x80, 0x80, 0x80, 0x80, 0x80,
    0x80, 0x03, 0x09, 0x87, 0x07, 0xA0, 0x03, 0x05, 0x8F, 0x03, 0xA2, 0x03, 0x03, 0x93, 0x01, 0xA4,
    0xA4, 0xA4, 0x02, 0x03, 0x95, 0xA8, 0xA4, 0xA4, 0xA4, 0xA4, 0x03, 0x05, 0x91, 0x01, 0xAE, 0x03,
    0x07, 0x8D, 0x03, 0xB0, 0x03, 0x0B, 0x85, 0x07, 0xB2, 0x80, 0x80, 0x80, 0x80, 0x80, 0x80, 0x80,
    0x80, 0x80, 0x80, 0x80, 0x80, 0x80, 0x80, 0x03, 0x07, 0x8B, 0x05, 0xC2, 0xA2, 0xA2, 0xA4, 0xA4,
    0xA4, 0xA4, 0xA4, 0xA4, 0xA4, 0xA4, 0xA4, 0xA4, 0xAE, 0xAE, 0x03, 0x09, 0x8D, 0x01, 0xD2, 0x03,
    0x09, 0x8B, 0x03, 0xD4, 0x03, 0x09, 0x89, 0x05, 0xD6, 0xB2, 0xB2, 0x80, 0x80, 0x80, 0x80, 0x80,
    0x80, 0x80, 0x80, 0x80, 0x80,
};

// ASCII 60 '<'  32x100, advance 32
static const uint8_t Bubblegum50_less[] PROGMEM = {
    0x01, 0x1F, 0x80, 0x80, 0x80, 0x80, 0x80, 0x80, 0x80, 0x80, 0x80, 0x80, 0x80, 0x80, 0x80, 0x80,
    0x80, 0x80, 0x80, 0x80, 0x80, 0x80, 0x80, 0x80, 0x80, 0x80, 0x80, 0x80, 0x80, 0x80, 0x80, 0x80,
    0x80, 0x80, 0x80, 0x80, 0x80, 0x80, 0x80, 0x80, 0x80, 0x80, 0x80, 0x80, 0x80, 0x80, 0x80, 0x80,
    0x80, 0x80, 0x80, 0x80, 0x80, 0x80, 0x80, 0x80, 0x80, 0x80, 0x80, 0x80, 0x80, 0x80, 0x80, 0x80,
    0x80, 0x80, 0x80, 0x80, 0x80, 0x80, 0x80, 0x80, 0x80, 0x80, 0x80, 0x80, 0x80, 0x80, 0x80, 0x80,
    0x80, 0x80, 0x80, 0x80, 0x80, 0x80, 0x80, 0x80, 0x80, 0x80, 0x80, 0x80, 0x80, 0x80, 0x80, 0x80,
    0x80, 0x80, 0x80, 0x80, 0x80,
};

// ASCII 61 '='  44x100, advance 44
static const uint8_t Bubblegum50_equal[] PROGMEM = {
    0x01, 0x2B, 0x80, 0x80, 0x80, 0x80, 0x80, 0x80, 0x80, 0x80, 0x80, 0x80, 0x80, 0x80, 0x80, 0x80,
    0x80, 0x80, 0x80, 0x80, 0x80, 0x80, 0x80, 0x80, 0x80, 0x80, 0x80, 0x80, 0x80, 0x80, 0x80, 0x80,
    0x80, 0x03, 0x09, 0x8D, 0x13, 0xA0, 0x03, 0x05, 0x9D, 0x07, 0xA2, 0x03, 0x03, 0xA1, 0x05, 0xA4,
    0xA4, 0xA4, 0xA4, 0xA4, 0xA4, 0xA4, 0x03, 0x05, 0x9F, 0x05, 0xAC, 0x03, 0x07, 0x99, 0x09, 0xAE,
    0x80, 0x80, 0x80, 0x80, 0x03, 0x1B, 0x85, 0x09, 0xB4, 0x03, 0x07, 0x9B, 0x07, 0xB6, 0xAC, 0xAC,
    0xA4, 0xA4, 0xA4, 0xA4, 0xA4, 0xA4, 0xA2, 0xA2, 0x03, 0x07, 0x95, 0x0D, 0xC2, 0x80, 0x80, 0x80,
    0x80, 0x80, 0x80, 0x80, 0x80, 0x80, 0x80, 0x80, 0x80, 0x80, 0x80, 0x80, 0x80, 0x80, 0x80, 0x80,
    0x80, 0x80, 0x80, 0x80, 0x80, 0x80, 0x80, 0x80, 0x80, 0x80, 0x80, 0x80, 0x80,
};

// ASCII 62 '>'  32x100, advance 32
static const uint8_t Bubblegum50_greater[] PROGMEM = {
    0x01, 0x1F, 0x80, 0x80, 0x80, 0x80, 0x80, 0x80, 0x80, 0x80, 0x80, 0x80, 0x80, 0x80, 0x80, 0x80,
    0x80, 0x80, 0x80, 0x80, 0x80, 0x80, 0x80, 0x80, 0x80, 0x80, 0x80, 0x80, 0x80, 0x80, 0x80, 0x80,
    0x80, 0x80, 0x80, 0x80, 0x80, 0x80, 0x80, 0x80, 0x80, 0x80, 0x80, 0x80, 0x80, 0x80, 0x80, 0x80,
    0x80, 0x80, 0x80, 0x80, 0x80, 0x80, 0x80, 0x80, 0x80, 0x80, 0x80, 0x80, 0x80, 0x80, 0x80, 0x80,
    0x80, 0x80, 0x80, 0x80, 0x80, 0x80, 0x80, 0x80, 0x80, 0x80, 0x80, 0x80, 0x80, 0x80, 0x80, 0x80,
    0x80, 0x80, 0x80, 0x80, 0x80, 0x80, 0x80, 0x80, 0x80, 0x80, 0x80, 0x80, 0x80, 0x80, 0x80, 0x80,
    0x80, 0x80, 0x80, 0x80, 0x80,
};

// ASCII 63 '?'  54x100, advance 54
static const uint8_t Bubblegum50_question[] PROGMEM = {
    0x01, 0x35, 0x80, 0x80, 0x80, 0x80, 0x80, 0x80, 0x80, 0x80, 0x80, 0x03, 0x13, 0x91, 0x0F, 0x8A,
    0x03, 0x0D, 0x9B, 0x0B, 0x8C, 0x03, 0x09, 0xA3, 0x07, 0x8E, 0x03, 0x07, 0xA7, 0x05, 0x90, 0x03,
    0x05, 0xA9, 0x05, 0x92, 0x03, 0x03, 0xAD, 0x03, 0x94, 0x03, 0x01, 0xAF, 0x03, 0x96, 0x03, 0x01,
    0xB1, 0x01, 0x98, 0x98, 0x98, 0x98, 0x98, 0x98, 0x98, 0x05, 0x01, 0x95, 0x01, 0x99, 0x01, 0xA0,
    0x05, 0x03, 0x91, 0x03, 0x97, 0x03, 0xA2, 0x05, 0x05, 0x8D, 0x03, 0x97, 0x05, 0xA4, 0x05, 0x0B,
    0x81, 0x09, 0x95, 0x07, 0xA6, 0x03, 0x15, 0x95, 0x09, 0xA8, 0x03, 0x13, 0x97, 0x09, 0xAA, 0x03,
    0x13, 0x95, 0x0B, 0xAC, 0x03, 0x11, 0x97, 0x0B, 0xAE, 0xAE, 0xAE, 0x03, 0x0F, 0x97, 0x0D, 0xB2,
    0xB2, 0xB2, 0xB2, 0xB2, 0xB2, 0xB2, 0x03, 0x0F, 0x95, 0x0F, 0xBA, 0x03, 0x11, 0x8F, 0x13, 0xBC,
    0x80, 0x80, 0x03, 0x19, 0x83, 0x17, 0xC0, 0x03, 0x13, 0x8F, 0x11, 0xC2, 0x03, 0x11, 0x93, 0x0F,
    0xC4, 0xB2, 0xB2, 0xB2, 0xB2, 0x03, 0x0D, 0x99, 0x0D, 0xCA, 0xCA, 0xCA, 0xCA, 0xCA, 0xBA, 0xBA,
    0x03, 0x11, 0x91, 0x11, 0xD2, 0x03, 0x13, 0x8B, 0x15, 0xD4, 0x80, 0x80, 0x80, 0x80, 0x80, 0x80,
    0x80, 0x80, 0x80, 0x80, 0x80, 0x80, 0x80, 0x80,
};

// ASCII 64 '@'  76x100, advance 76
static const uint8_t Bubblegum50_at[] PROGMEM = {
    0x01, 0x4B, 0x80, 0x80, 0x80, 0x80, 0x80, 0x80, 0x80, 0x80, 0x80, 0x80, 0x80, 0x80, 0x80, 0x80,
    0x80, 0x80, 0x80, 0x03, 0x1D, 0x8F, 0x1D, 0x92, 0x03, 0x17, 0x9B, 0x17, 0x94, 0x03, 0x13, 0xA3,
    0x13, 0x96, 0x03, 0x11, 0xA7, 0x11, 0x98, 0x03, 0x0F, 0xAB, 0x0F, 0x9A, 0x03, 0x0D, 0xAF, 0x0D,
    0x9C, 0x05, 0x0B, 0x91, 0x11, 0x8F, 0x0B, 0x9E, 0x05, 0x0B, 0x8F, 0x15, 0x8F, 0x09, 0xA0, 0x05,
    0x09, 0x8D, 0x1B, 0x8D, 0x09, 0xA2, 0x07, 0x09, 0x8B, 0x11, 0x85, 0x07, 0x8D, 0x07, 0xA4, 0x07,
    0x07, 0x8D, 0x07, 0x91, 0x07, 0x8B, 0x07, 0xA6, 0x07, 0x07, 0x8B, 0x07, 0x93, 0x07, 0x8B, 0x07,
    0xA8, 0x07, 0x07, 0x8B, 0x05, 0x97, 0x07, 0x89, 0x07, 0xAA, 0x07, 0x05, 0x8D, 0x03, 0x99, 0x07,
    0x89, 0x07, 0xAC, 0x09, 0x05, 0x8B, 0x05, 0x87, 0x07, 0x8B, 0x05, 0x89, 0x07, 0xAE, 0xAE, 0xAE,
    0x07, 0x05, 0x8B, 0x05, 0x89, 0x07, 0x99, 0x07, 0xB2, 0x05, 0x07, 0x8B, 0x03, 0xAB, 0x07, 0xB4,
    0xB4, 0xB4, 0x07, 0x07, 0x8B, 0x05, 0x93, 0x01, 0x91, 0x09, 0xB8, 0x07, 0x07, 0x8D, 0x07, 0x8D,
    0x07, 0x89, 0x0D, 0xBA, 0x05, 0x09, 0x8D, 0x0B, 0x85, 0x21, 0xBC, 0x03, 0x09, 0x8F, 0x31, 0xBE,
    0x05, 0x0B, 0x8F, 0x13, 0x87, 0x13, 0xC0, 0x05, 0x0D, 0x93, 0x07, 0x8F, 0x11, 0xC2, 0x03, 0x0D,
    0xAB, 0x11, 0xC4, 0x03, 0x0F, 0xA9, 0x11, 0xC6, 0x03, 0x11, 0xA5, 0x13, 0xC8, 0x03, 0x15, 0x9F,
    0x15, 0xCA, 0x03, 0x17, 0x99, 0x19, 0xCC, 0x03, 0x1D, 0x8D, 0x1F, 0xCE, 0x80, 0x80, 0x80, 0x80,
    0x80, 0x80, 0x80, 0x80, 0x80, 0x80, 0x80, 0x80, 0x80, 0x80, 0x80, 0x80, 0x80, 0x80, 0x80, 0x80,
};

// ASCII 65 'A'  60x100, advance 60
static const uint8_t Bubblegum50_upper_A[] PROGMEM = {
    0x01, 0x3B, 0x80, 0x80, 0x80, 0x80, 0x80, 0x80, 0x80, 0x80, 0x80, 0x03, 0x17, 0x8D, 0x15, 0x8A,
    0x03, 0x13, 0x95, 0x11, 0x8C, 0x03, 0x0F, 0x9D, 0x0D, 0x8E, 0x03, 0x0D, 0xA1, 0x0B, 0x90, 0x90,
    0x90, 0x03, 0x0B, 0xA5, 0x09, 0x94, 0x03, 0x09, 0xA7, 0x09, 0x96, 0x03, 0x09, 0xA9, 0x07, 0x98,
    0x03, 0x07, 0xAB, 0x07, 0x9A, 0x05, 0x07, 0x95, 0x01, 0x93, 0x07, 0x9C, 0x05, 0x07, 0x93, 0x03,
    0x93, 0x07, 0x9E, 0x05, 0x05, 0x95, 0x03, 0x95, 0x05, 0xA0, 0xA0, 0xA0, 0xA0, 0xA0, 0x05, 0x03,
    0x97, 0x03, 0x95, 0x05, 0xA6, 0xA6, 0xA6, 0x05, 0x03, 0x97, 0x03, 0x97, 0x03, 0xAA, 0xAA, 0xAA,
    0x05, 0x03, 0x95, 0x05, 0x97, 0x03, 0xAE, 0xAE, 0xAE, 0x03, 0x03, 0xB3, 0x03, 0xB2, 0xB2, 0xB2,
    0xB2, 0xB2, 0x03, 0x01, 0xB5, 0x03, 0xB8, 0xB8, 0xB8, 0xB8, 0xB8, 0xB8, 0xB8, 0xB8, 0xB8, 0xB8,
    0xB8, 0x05, 0x03, 0x95, 0x07, 0x95, 0x03, 0xC4, 0xC4, 0xC4, 0xC4, 0xC4, 0x05, 0x03, 0x95, 0x09,
    0x91, 0x05, 0xCA, 0x05, 0x05, 0x91, 0x0B, 0x91, 0x05, 0xCC, 0x05, 0x07, 0x8F, 0x0F, 0x8B, 0x07,
    0xCE, 0x03, 0x09, 0x8B, 0x25, 0xD0, 0x80, 0x80, 0x80, 0x80, 0x80, 0x80, 0x80, 0x80, 0x80, 0x80,
    0x80, 0x80, 0x80, 0x80, 0x80, 0x80, 0x80, 0x80,
};

// ASCII 66 'B'  56x100, advance 56
static const uint8_t Bubblegum50_upper_B[] PROGMEM = {
    0x01, 0x37, 0x80, 0x80, 0x80, 0x80, 0x80, 0x80, 0x80, 0x80, 0x80, 0x03, 0x0D, 0x91, 0x17, 0x8A,
    0x03, 0x07, 0x9D, 0x11, 0x8C, 0x03, 0x05, 0xA1, 0x0F, 0x8E, 0x03, 0x03, 0xA7, 0x0B, 0x90, 0x90,
    0x90, 0x03, 0x03, 0xA9, 0x09, 0x94, 0x03, 0x03, 0xAB, 0x07, 0x96, 0x96, 0x96, 0x05, 0x03, 0x91,
    0x05, 0x93, 0x07, 0x9A, 0x9A, 0x9A, 0x05, 0x03, 0x91, 0x05, 0x95, 0x05, 0x9E, 0x9A, 0x9A, 0x9A,
    0x9A, 0x05, 0x03, 0x91, 0x03, 0x95, 0x07, 0xA4, 0x05, 0x03, 0x91, 0x01, 0x95, 0x09, 0xA6, 0x90,
    0x90, 0x03, 0x03, 0xA3, 0x0F, 0xAA, 0x90, 0x90, 0x94, 0x94, 0x96, 0x96, 0x03, 0x03, 0xAD, 0x05,
    0xB2, 0x05, 0x03, 0x91, 0x03, 0x97, 0x05, 0xB4, 0x9E, 0x9E, 0x05, 0x03, 0x91, 0x05, 0x97, 0x03,
    0xB8, 0x05, 0x03, 0x91, 0x03, 0x99, 0x03, 0xBA, 0x05, 0x03, 0x8F, 0x05, 0x99, 0x03, 0xBC, 0x05,
    0x03, 0x8F, 0x03, 0x99, 0x05, 0xBE, 0xB2, 0xB2, 0xB2, 0xB2, 0x96, 0x96, 0x96, 0x96, 0x94, 0x94,
    0x90, 0x90, 0x03, 0x05, 0xA3, 0x0D, 0xCC, 0x03, 0x07, 0x9B, 0x13, 0xCE, 0x8A, 0x8A, 0x80, 0x80,
    0x80, 0x80, 0x80, 0x80, 0x80, 0x80, 0x80, 0x80, 0x80, 0x80, 0x80, 0x80, 0x80, 0x80, 0x80, 0x80,
};

// ASCII 67 'C'  54x100, advance 54
static const uint8_t Bubblegum50_upper_C[] PROGMEM = {
    0x01, 0x35, 0x80, 0x80, 0x80, 0x80, 0x80, 0x80, 0x80, 0x80, 0x80, 0x03, 0x13, 0x8D, 0x13, 0x8A,
    0x03, 0x0F, 0x95, 0x0F, 0x8C, 0x03, 0x0B, 0x9D, 0x0B, 0x8E, 0x03, 0x09, 0xA1, 0x09, 0x90, 0x90,
    0x90, 0x03, 0x07, 0xA5, 0x07, 0x94, 0x03, 0x07, 0xA7, 0x05, 0x96, 0x03, 0x05, 0xA9, 0x05, 0x98,
    0x98, 0x98, 0x98, 0x98, 0x05, 0x03, 0x95, 0x01, 0x93, 0x05, 0x9E, 0x9E, 0x9E, 0x05, 0x03, 0x95,
    0x03, 0x8F, 0x07, 0xA2, 0x05, 0x03, 0x95, 0x05, 0x8B, 0x09, 0xA4, 0x05, 0x03, 0x95, 0x09, 0x83,
    0x0D, 0xA6, 0x03, 0x03, 0x95, 0x1B, 0xA8, 0x03, 0x01, 0x97, 0x1B, 0xAA, 0xAA, 0xAA, 0xAA, 0xAA,
    0xAA, 0xAA, 0x05, 0x01, 0x97, 0x0D, 0x83, 0x09, 0xB2, 0x05, 0x01, 0x97, 0x0B, 0x89, 0x05, 0xB4,
    0x05, 0x01, 0x97, 0x07, 0x8D, 0x05, 0xB6, 0x05, 0x03, 0x95, 0x05, 0x91, 0x03, 0xB8, 0x05, 0x03,
    0x95, 0x03, 0x93, 0x03, 0xBA, 0x03, 0x03, 0xAD, 0x03, 0xBC, 0xBC, 0xBC, 0x03, 0x05, 0xAB, 0x03,
    0xC0, 0xC0, 0xC0, 0x96, 0x96, 0x96, 0x96, 0x03, 0x09, 0xA5, 0x05, 0xC8, 0x03, 0x0B, 0xA1, 0x07,
    0xCA, 0x03, 0x0D, 0x9D, 0x09, 0xCC, 0x03, 0x0F, 0x97, 0x0D, 0xCE, 0x03, 0x13, 0x8F, 0x11, 0xD0,
    0x80, 0x80, 0x80, 0x80, 0x80, 0x80, 0x80, 0x80, 0x80, 0x80, 0x80, 0x80, 0x80, 0x80, 0x80, 0x80,
    0x80, 0x80,
};

// ASCII 68 'D'  52x100, advance 52
static const uint8_t Bubblegum50_upper_D[] PROGMEM = {
    0x01, 0x33, 0x80, 0x80, 0x80, 0x80, 0x80, 0x80, 0x80, 0x80, 0x80, 0x03, 0x09, 0x91, 0x17, 0x8A,
    0x03, 0x03, 0x9B, 0x13, 0x8C, 0x03, 0x03, 0x9F, 0x0F, 0x8E, 0x03, 0x03, 0xA1, 0x0D, 0x90, 0x03,
    0x03, 0xA3, 0x0B, 0x92, 0x92, 0x92, 0x03, 0x01, 0xA7, 0x09, 0x96, 0x03, 0x01, 0xA9, 0x07, 0x98,
    0x98, 0x98, 0x03, 0x01, 0xAB, 0x05, 0x9C, 0x03, 0x03, 0xA9, 0x05, 0x9E, 0x05, 0x03, 0x91, 0x01,
    0x95, 0x05, 0xA0, 0x05, 0x03, 0x91, 0x03, 0x95, 0x03, 0xA2, 0x05, 0x03, 0x91, 0x05, 0x93, 0x03,
    0xA4, 0xA4, 0xA4, 0xA4, 0xA4, 0xA4, 0xA4, 0xA4, 0xA4, 0xA4, 0xA4, 0xA2, 0xA2, 0xA2, 0xA2, 0x05,
    0x03, 0x91, 0x01, 0x97, 0x03, 0xB4, 0x9E, 0x9E, 0x9E, 0x9E, 0x9E, 0x9E, 0x03, 0x03, 0xA7, 0x07,
    0xBC, 0xBC, 0xBC, 0x03, 0x03, 0xA5, 0x09, 0xC0, 0xC0, 0xC0, 0x92, 0x92, 0x92, 0x92, 0x90, 0x90,
    0x8E, 0x8E, 0x03, 0x05, 0x9B, 0x11, 0xCC, 0x03, 0x07, 0x95, 0x15, 0xCE, 0x03, 0x0B, 0x8D, 0x19,
    0xD0, 0x80, 0x80, 0x80, 0x80, 0x80, 0x80, 0x80, 0x80, 0x80, 0x80, 0x80, 0x80, 0x80, 0x80, 0x80,
    0x80, 0x80, 0x80,
};

// ASCII 69 'E'  48x100, advance 48
static const uint8_t Bubblegum50_upper_E[] PROGMEM = {
    0x01, 0x2F, 0x80, 0x80, 0x80, 0x80, 0x80, 0x80, 0x80, 0x80, 0x80, 0x03, 0x15, 0x8F, 0x09, 0x8A,
    0x03, 0x07, 0x9F, 0x07, 0x8C, 0x8C, 0x8C, 0x03, 0x05, 0xA1, 0x07, 0x90, 0x90, 0x90, 0x90, 0x90,
    0x03, 0x03, 0xA1, 0x09, 0x96, 0x03, 0x03, 0x9F, 0x0B, 0x98, 0x03, 0x03, 0x97, 0x13, 0x9A, 0x9A,
    0x9A, 0x9A, 0x9A, 0x9A, 0x9A, 0x05, 0x03, 0x97, 0x01, 0x89, 0x07, 0xA2, 0x03, 0x03, 0xA5, 0x05,
    0xA4, 0x03, 0x03, 0xA7, 0x03, 0xA6, 0xA6, 0xA6, 0x03, 0x01, 0xA9, 0x03, 0xAA, 0x03, 0x01, 0xA7,
    0x05, 0xAC, 0xAC, 0xAC, 0x03, 0x01, 0xA5, 0x07, 0xB0, 0x03, 0x01, 0xA1, 0x0B, 0xB2, 0x03, 0x01,
    0x9B, 0x11, 0xB4, 0x03, 0x01, 0x99, 0x13, 0xB6, 0xB6, 0xB6, 0x03, 0x03, 0x99, 0x11, 0xBA, 0x96,
    0x96, 0x03, 0x03, 0xA3, 0x07, 0xBE, 0xBE, 0xBE, 0xBE, 0xBE, 0xBE, 0xBE, 0xBE, 0xBE, 0x03, 0x05,
    0x9F, 0x09, 0xC8, 0x03, 0x05, 0x9D, 0x0B, 0xCA, 0x03, 0x07, 0x99, 0x0D, 0xCC, 0x03, 0x09, 0x95,
    0x0F, 0xCE, 0x03, 0x0D, 0x8D, 0x13, 0xD0, 0x80, 0x80, 0x80, 0x80, 0x80, 0x80, 0x80, 0x80, 0x80,
    0x80, 0x80, 0x80, 0x80, 0x80, 0x80, 0x80, 0x80, 0x80,
};

// ASCII 70 'F'  46x100, advance 46
static const uint8_t Bubblegum50_upper_F[] PROGMEM = {
    0x01, 0x2D, 0x80, 0x80, 0x80, 0x80, 0x80, 0x80, 0x80, 0x80, 0x80, 0x03, 0x0D, 0x93, 0x0B, 0x8A,
    0x03, 0x07, 0x9D, 0x07, 0x8C, 0x03, 0x05, 0x9F, 0x07, 0x8E, 0x03, 0x03, 0xA3, 0x05, 0x90, 0x90,
    0x90, 0x90, 0x90, 0x90, 0x90, 0x03, 0x03, 0xA1, 0x07, 0x98, 0x03, 0x01, 0xA3, 0x07, 0x9A, 0x03,
    0x01, 0x9F, 0x0B, 0x9C, 0x03, 0x01, 0x99, 0x11, 0x9E, 0x03, 0x01, 0x97, 0x13, 0xA0, 0xA0, 0xA0,
    0xA0, 0xA0, 0x98, 0x98, 0x90, 0x90, 0x03, 0x03, 0xA5, 0x03, 0xAA, 0xAA, 0xAA, 0xAA, 0xAA, 0xAA,
    0xAA, 0x90, 0x90, 0x90, 0x90, 0x98, 0x98, 0x03, 0x03, 0x9F, 0x09, 0xB8, 0x03, 0x03, 0x95, 0x13,
    0xBA, 0xBA, 0xBA, 0xBA, 0xBA, 0xBA, 0xBA, 0xBA, 0xBA, 0x03, 0x05, 0x93, 0x13, 0xC4, 0xC4, 0xC4,
    0xC4, 0xC4, 0x03, 0x07, 0x91, 0x13, 0xCA, 0xCA, 0xCA, 0x03, 0x09, 0x8F, 0x13, 0xCE, 0x03, 0x0D,
    0x89, 0x15, 0xD0, 0x80, 0x80, 0x80, 0x80, 0x80, 0x80, 0x80, 0x80, 0x80, 0x80, 0x80, 0x80, 0x80,
    0x80, 0x80, 0x80, 0x80, 0x80,
};

// ASCII 71 'G'  52x100, advance 52
static const uint8_t Bubblegum50_upper_G[] PROGMEM = {
    0x01, 0x33, 0x80, 0x80, 0x80, 0x80, 0x80, 0x80, 0x80, 0x80, 0x80, 0x03, 0x15, 0x8B, 0x11, 0x8A,
    0x03, 0x0F, 0x95, 0x0D, 0x8C, 0x03, 0x0D, 0x9B, 0x09, 0x8E, 0x03, 0x0B, 0x9F, 0x07, 0x90, 0x03,
    0x0B, 0xA1, 0x05, 0x92, 0x03, 0x09, 0xA3, 0x05, 0x94, 0x03, 0x07, 0xA7, 0x03, 0x96, 0x96, 0x96,
    0x03, 0x05, 0xA9, 0x03, 0x9A, 0x03, 0x05, 0xAB, 0x01, 0x9C, 0x9C, 0x9C, 0x05, 0x03, 0x97, 0x01,
    0x93, 0x01, 0xA0, 0x05, 0x03, 0x97, 0x01, 0x91, 0x03, 0xA2, 0x05, 0x03, 0x97, 0x03, 0x8F, 0x03,
    0xA4, 0x05, 0x03, 0x95, 0x05, 0x8D, 0x05, 0xA6, 0x05, 0x03, 0x95, 0x09, 0x85, 0x09, 0xA8, 0x03,
    0x01, 0x97, 0x19, 0xAA, 0xAA, 0xAA, 0x03, 0x01, 0x95, 0x1B, 0xAE, 0x05, 0x01, 0x95, 0x03, 0x91,
    0x05, 0xB0, 0x05, 0x01, 0x95, 0x01, 0x95, 0x03, 0xB2, 0xB2, 0xB2, 0xB2, 0xB2, 0x05, 0x03, 0x93,
    0x03, 0x93, 0x03, 0xB8, 0x05, 0x03, 0x93, 0x05, 0x91, 0x03, 0xBA, 0xB8, 0xB8, 0x03, 0x03, 0xAB,
    0x03, 0xBE, 0xBE, 0xBE, 0x03, 0x05, 0xA7, 0x05, 0xC2, 0xC2, 0xC2, 0x03, 0x07, 0xA3, 0x07, 0xC6,
    0xC6, 0xC6, 0x03, 0x09, 0x9F, 0x09, 0xCA, 0x03, 0x0B, 0x9B, 0x0B, 0xCC, 0x03, 0x0D, 0x97, 0x0D,
    0xCE, 0x03, 0x13, 0x8D, 0x11, 0xD0, 0x80, 0x80, 0x80, 0x80, 0x80, 0x80, 0x80, 0x80, 0x80, 0x80,
    0x80, 0x80, 0x80, 0x80, 0x80, 0x80, 0x80, 0x80,
};

// ASCII 72 'H'  58x100, advance 58
static const uint8_t Bubblegum50_upper_H[] PROGMEM = {
    0x01, 0x39, 0x80, 0x80, 0x80, 0x80, 0x80, 0x80, 0x80, 0x80, 0x80, 0x03, 0x25, 0x89, 0x09, 0x8A,
    0x05, 0x09, 0x8B, 0x0D, 0x8D, 0x07, 0x8C, 0x05, 0x07, 0x8F, 0x09, 0x91, 0x05, 0x8E, 0x05, 0x05,
    0x93, 0x05, 0x93, 0x05, 0x90, 0x05, 0x03, 0x95, 0x05, 0x95, 0x03, 0x92, 0x92, 0x92, 0x92, 0x92,
    0x92, 0x92, 0x05, 0x01, 0x97, 0x05, 0x95, 0x03, 0x9A, 0x9A, 0x9A, 0x9A, 0x9A, 0x9A, 0x9A, 0x9A,
    0x9A, 0x05, 0x01, 0x97, 0x03, 0x97, 0x03, 0xA4, 0x03, 0x01, 0xB3, 0x03, 0xA6, 0xA6, 0xA6, 0x03,
    0x01, 0xB5, 0x01, 0xAA, 0xAA, 0xAA, 0xA6, 0xA6, 0xA6, 0xA6, 0xA6, 0xA6, 0xA6, 0xA6, 0xA6, 0xA6,
    0xA6, 0xA6, 0xA6, 0xA6, 0x9A, 0x9A, 0x05, 0x01, 0x95, 0x07, 0x95, 0x03, 0xBE, 0x05, 0x03, 0x93,
    0x07, 0x93, 0x05, 0xC0, 0xC0, 0xC0, 0xC0, 0xC0, 0xC0, 0xC0, 0x05, 0x05, 0x91, 0x07, 0x93, 0x05,
    0xC8, 0x05, 0x05, 0x93, 0x05, 0x91, 0x07, 0xCA, 0x05, 0x05, 0x91, 0x07, 0x91, 0x07, 0xCC, 0x05,
    0x07, 0x8F, 0x09, 0x8D, 0x09, 0xCE, 0x05, 0x09, 0x8B, 0x0D, 0x89, 0x0B, 0xD0, 0x80, 0x80, 0x80,
    0x80, 0x80, 0x80, 0x80, 0x80, 0x80, 0x80, 0x80, 0x80, 0x80, 0x80, 0x80, 0x80, 0x80, 0x80,
};

// ASCII 73 'I'  34x100, advance 34
static const uint8_t Bubblegum50_upper_I[] PROGMEM = {
    0x01, 0x21, 0x80, 0x80, 0x80, 0x80, 0x80, 0x80, 0x80, 0x80, 0x80, 0x80, 0x80, 0x03, 0x0F, 0x89,
    0x07, 0x8C, 0x03, 0x0B, 0x8F, 0x05, 0x8E, 0x03, 0x09, 0x91, 0x05, 0x90, 0x03, 0x07, 0x93, 0x05,
    0x92, 0x92, 0x92, 0x03, 0x05, 0x95, 0x05, 0x96, 0x96, 0x96, 0x96, 0x96, 0x03, 0x03, 0x97, 0x05,
    0x9C, 0x03, 0x03, 0x99, 0x03, 0x9E, 0x9E, 0x9E, 0x9E, 0x9E, 0x9E, 0x9E, 0x9E, 0x9E, 0x9E, 0x9E,
    0x9E, 0x9E, 0x9E, 0x9E, 0x9E, 0x9E, 0x9E, 0x9E, 0x9C, 0x9C, 0x9C, 0x9C, 0x9C, 0x9C, 0x9C, 0x9C,
    0x9C, 0x9C, 0x9C, 0x9C, 0x9C, 0x9C, 0x9C, 0x9C, 0x9C, 0x9C, 0x9C, 0x9C, 0x03, 0x05, 0x93, 0x07,
    0xC6, 0xC6, 0xC6, 0xC6, 0xC6, 0x03, 0x05, 0x91, 0x09, 0xCC, 0x03, 0x07, 0x8F, 0x09, 0xCE, 0x03,
    0x09, 0x89, 0x0D, 0xD0, 0x80, 0x80, 0x80, 0x80, 0x80, 0x80, 0x80, 0x80, 0x80, 0x80, 0x80, 0x80,
    0x80, 0x80, 0x80, 0x80, 0x80, 0x80,
};

// ASCII 74 'J'  46x100, advance 46
static const uint8_t Bubblegum50_upper_J[] PROGMEM = {
    0x01, 0x2D, 0x80, 0x80, 0x80, 0x80, 0x80, 0x80, 0x80, 0x80, 0x80, 0x80, 0x80, 0x03, 0x1B, 0x87,
    0x09, 0x8C, 0x03, 0x17, 0x8D, 0x07, 0x8E, 0x03, 0x15, 0x91, 0x05, 0x90, 0x03, 0x13, 0x93, 0x05,
    0x92, 0x92, 0x92, 0x03, 0x13, 0x95, 0x03, 0x96, 0x96, 0x96, 0x96, 0x96, 0x96, 0x96, 0x03, 0x15,
    0x93, 0x03, 0x9E, 0x9E, 0x9E, 0x9E, 0x9E, 0x9E, 0x9E, 0x9E, 0x9E, 0x03, 0x15, 0x95, 0x01, 0xA8,
    0xA8, 0xA8, 0xA8, 0xA8, 0x03, 0x17, 0x93, 0x01, 0xAE, 0x05, 0x0B, 0x81, 0x09, 0x93, 0x01, 0xB0,
    0x05, 0x07, 0x87, 0x07, 0x93, 0x01, 0xB2, 0x05, 0x05, 0x89, 0x07, 0x93, 0x01, 0xB4, 0x05, 0x03,
    0x8D, 0x05, 0x93, 0x01, 0xB6, 0x05, 0x03, 0x8D, 0x03, 0x95, 0x01, 0xB8, 0x03, 0x01, 0xA9, 0x01,
    0xBA, 0xBA, 0xBA, 0xBA, 0xBA, 0xBA, 0xBA, 0x03, 0x01, 0xA7, 0x03, 0xC2, 0x03, 0x03, 0xA5, 0x03,
    0xC4, 0xC4, 0xC4, 0x03, 0x05, 0xA1, 0x05, 0xC8, 0xC8, 0xC8, 0x03, 0x07, 0x9D, 0x07, 0xCC, 0x03,
    0x09, 0x99, 0x09, 0xCE, 0x03, 0x0F, 0x8F, 0x0D, 0xD0, 0x80, 0x80, 0x80, 0x80, 0x80, 0x80, 0x80,
    0x80, 0x80, 0x80, 0x80, 0x80, 0x80, 0x80, 0x80, 0x80, 0x80, 0x80,
};

// ASCII 75 'K'  60x100, advance 60
static const uint8_t Bubblegum50_upper_K[] PROGMEM = {
    0x01, 0x3B, 0x80, 0x80, 0x80, 0x80, 0x80, 0x80, 0x80, 0x80, 0x80, 0x05, 0x0B, 0x89, 0x0F, 0x89,
    0x0B, 0x8A, 0x05, 0x09, 0x8F, 0x09, 0x8F, 0x07, 0x8C, 0x05, 0x07, 0x91, 0x07, 0x93, 0x05, 0x8E,
    0x05, 0x07, 0x93, 0x05, 0x93, 0x05, 0x90, 0x05, 0x05, 0x95, 0x03, 0x97, 0x03, 0x92, 0x92, 0x92,
    0x05, 0x05, 0x95, 0x01, 0x99, 0x03, 0x96, 0x05, 0x05, 0x93, 0x03, 0x99, 0x03, 0x98, 0x05, 0x03,
    0x95, 0x03, 0x97, 0x05, 0x9A, 0x05, 0x03, 0x95, 0x01, 0x99, 0x05, 0x9C, 0x9C, 0x9C, 0x03, 0x03,
    0xAF, 0x07, 0xA0, 0xA0, 0xA0, 0x03, 0x03, 0xAD, 0x09, 0xA4, 0x03, 0x03, 0xAB, 0x0B, 0xA6, 0xA6,
    0xA6, 0x03, 0x03, 0xA9, 0x0D, 0xAA, 0x03, 0x03, 0xA7, 0x0F, 0xAC, 0xAC, 0xAC, 0xAA, 0xAA, 0x03,
    0x01, 0xAB, 0x0D, 0xB2, 0x03, 0x01, 0xAD, 0x0B, 0xB4, 0xA6, 0xA6, 0xA4, 0xA4, 0xA4, 0xA4, 0x05,
    0x03, 0x95, 0x01, 0x97, 0x07, 0xBC, 0x05, 0x03, 0x95, 0x03, 0x95, 0x07, 0xBE, 0x9A, 0x9A, 0x05,
    0x03, 0x95, 0x05, 0x95, 0x05, 0xC2, 0x05, 0x03, 0x97, 0x03, 0x95, 0x05, 0xC4, 0x05, 0x03, 0x95,
    0x07, 0x93, 0x05, 0xC6, 0x05, 0x05, 0x93, 0x07, 0x93, 0x05, 0xC8, 0x05, 0x05, 0x93, 0x09, 0x91,
    0x05, 0xCA, 0x05, 0x05, 0x93, 0x0B, 0x8D, 0x07, 0xCC, 0x05, 0x07, 0x8F, 0x0F, 0x8B, 0x07, 0xCE,
    0x05, 0x0B, 0x89, 0x13, 0x85, 0x0B, 0xD0, 0x80, 0x80, 0x80, 0x80, 0x80, 0x80, 0x80, 0x80, 0x80,
    0x80, 0x80, 0x80, 0x80, 0x80, 0x80, 0x80, 0x80, 0x80,
};

// ASCII 76 'L'  44x100, advance 44
static const uint8_t Bubblegum50_upper_L[] PROGMEM = {
    0x01, 0x2B, 0x80, 0x80, 0x80, 0x80, 0x80, 0x80, 0x80, 0x80, 0x80, 0x03, 0x09, 0x8B, 0x15, 0x8A,
    0x03, 0x07, 0x8F, 0x13, 0x8C, 0x03, 0x05, 0x91, 0x13, 0x8E, 0x03, 0x03, 0x93, 0x13, 0x90, 0x03,
    0x03, 0x95, 0x11, 0x92, 0x92, 0x92, 0x92, 0x92, 0x92, 0x92, 0x92, 0x92, 0x03, 0x01, 0x97, 0x11,
    0x9C, 0x9C, 0x9C, 0x9C, 0x9C, 0x9C, 0x9C, 0x9C, 0x9C, 0x9C, 0x9C, 0x9C, 0x9C, 0x9C, 0x9C, 0x9C,
    0x9C, 0x9C, 0x9C, 0x9C, 0x9C, 0x9C, 0x9C, 0x9C, 0x9C, 0x03, 0x01, 0x95, 0x13, 0xB6, 0xB6, 0xB6,
    0x03, 0x01, 0xA1, 0x07, 0xBA, 0x03, 0x01, 0xA3, 0x05, 0xBC, 0x03, 0x01, 0xA5, 0x03, 0xBE, 0xBE,
    0xBE, 0xBE, 0xBE, 0x03, 0x03, 0xA3, 0x03, 0xC4, 0xC4, 0xC4, 0xC4, 0xC4, 0x03, 0x05, 0x9F, 0x05,
    0xCA, 0x03, 0x07, 0x9B, 0x07, 0xCC, 0x03, 0x09, 0x97, 0x09, 0xCE, 0x03, 0x0D, 0x8F, 0x0D, 0xD0,
    0x80, 0x80, 0x80, 0x80, 0x80, 0x80, 0x80, 0x80, 0x80, 0x80, 0x80, 0x80, 0x80, 0x80, 0x80, 0x80,
    0x80, 0x80,
};

// ASCII 77 'M'  72x100, advance 72
static const uint8_t Bubblegum50_upper_M[] PROGMEM = {
    0x01, 0x47, 0x80, 0x80, 0x80, 0x80, 0x80, 0x80, 0x80, 0x80, 0x80, 0x03, 0x2F, 0x89, 0x0D, 0x8A,
    0x05, 0x0F, 0x87, 0x13, 0x91, 0x09, 0x8C, 0x05, 0x0B, 0x8D, 0x0F, 0x95, 0x07, 0x8E, 0x05, 0x09,
    0x91, 0x0D, 0x95, 0x07, 0x90, 0x05, 0x07, 0x95, 0x09, 0x99, 0x05, 0x92, 0x05, 0x05, 0x99, 0x07,
    0x99, 0x05, 0x94, 0x05, 0x05, 0x99, 0x05, 0x9B, 0x05, 0x96, 0x05, 0x05, 0x9B, 0x03, 0x9D, 0x03,
    0x98, 0x05, 0x03, 0x9D, 0x03, 0x9D, 0x03, 0x9A, 0x9A, 0x9A, 0x03, 0x03, 0xBF, 0x03, 0x9E, 0x9E,
    0x9E, 0x9E, 0x9E, 0x9E, 0x9E, 0x9E, 0x9E, 0x9E, 0x9E, 0x9E, 0x9E, 0x9E, 0x9E, 0x9E, 0x9E, 0x9E,
    0x9E, 0x9E, 0x9E, 0x9E, 0x9E, 0x05, 0x03, 0xA9, 0x01, 0x93, 0x03, 0xB6, 0x07, 0x03, 0x95, 0x01,
    0x91, 0x01, 0x93, 0x03, 0xB8, 0xB8, 0xB8, 0x07, 0x03, 0x95, 0x01, 0x8F, 0x03, 0x93, 0x03, 0xBC,
    0x07, 0x03, 0x95, 0x03, 0x8D, 0x03, 0x93, 0x03, 0xBE, 0x07, 0x03, 0x95, 0x03, 0x8B, 0x05, 0x93,
    0x03, 0xC0, 0x07, 0x03, 0x95, 0x05, 0x89, 0x03, 0x95, 0x03, 0xC2, 0x07, 0x03, 0x95, 0x05, 0x87,
    0x05, 0x95, 0x03, 0xC4, 0x05, 0x05, 0x93, 0x13, 0x95, 0x03, 0xC6, 0x05, 0x05, 0x93, 0x15, 0x93,
    0x03, 0xC8, 0x05, 0x07, 0x8F, 0x17, 0x93, 0x03, 0xCA, 0x05, 0x07, 0x8F, 0x17, 0x91, 0x05, 0xCC,
    0x05, 0x0B, 0x89, 0x1B, 0x8F, 0x05, 0xCE, 0x03, 0x33, 0x87, 0x0B, 0xD0, 0x80, 0x80, 0x80, 0x80,
    0x80, 0x80, 0x80, 0x80, 0x80, 0x80, 0x80, 0x80, 0x80, 0x80, 0x80, 0x80, 0x80, 0x80,
};

// ASCII 78 'N'  62x100, advance 62
static const uint8_t Bubblegum50_upper_N[] PROGMEM = {
    0x01, 0x3D, 0x80, 0x80, 0x80, 0x80, 0x80, 0x80, 0x80, 0x80, 0x80, 0x03, 0x27, 0x87, 0x0D, 0x8A,
    0x05, 0x0F, 0x83, 0x0F, 0x8F, 0x09, 0x8C, 0x05, 0x0B, 0x8B, 0x0B, 0x91, 0x07, 0x8E, 0x05, 0x09,
    0x8F, 0x07, 0x93, 0x07, 0x90, 0x05, 0x07, 0x93, 0x05, 0x93, 0x07, 0x92, 0x05, 0x05, 0x95, 0x05,
    0x95, 0x05, 0x94, 0x05, 0x05, 0x97, 0x03, 0x95, 0x05, 0x96, 0x96, 0x96, 0x05, 0x03, 0x9B, 0x01,
    0x95, 0x05, 0x9A, 0x9A, 0x9A, 0x03, 0x03, 0xB3, 0x05, 0x9E, 0x05, 0x03, 0x9D, 0x01, 0x93, 0x05,
    0xA0, 0xA0, 0xA0, 0x9E, 0x9E, 0x9E, 0x9E, 0x9E, 0x9E, 0x9E, 0x9E, 0x9E, 0x9E, 0x9E, 0x9E, 0x9E,
    0x9E, 0x9E, 0x9E, 0x9E, 0x9E, 0x9E, 0x9E, 0x9E, 0x9E, 0x05, 0x03, 0x95, 0x01, 0x9B, 0x05, 0xBA,
    0xBA, 0xBA, 0xBA, 0xBA, 0x05, 0x03, 0x95, 0x03, 0x99, 0x05, 0xC0, 0xC0, 0xC0, 0xC0, 0xC0, 0x05,
    0x03, 0x95, 0x05, 0x95, 0x07, 0xC6, 0x05, 0x05, 0x93, 0x05, 0x95, 0x07, 0xC8, 0x05, 0x05, 0x91,
    0x09, 0x93, 0x07, 0xCA, 0x05, 0x07, 0x8F, 0x09, 0x91, 0x09, 0xCC, 0x05, 0x07, 0x8D, 0x0D, 0x8D,
    0x0B, 0xCE, 0x05, 0x0B, 0x87, 0x11, 0x89, 0x0D, 0xD0, 0x80, 0x80, 0x80, 0x80, 0x80, 0x80, 0x80,
    0x80, 0x80, 0x80, 0x80, 0x80, 0x80, 0x80, 0x80, 0x80, 0x80, 0x80,
};

// ASCII 79 'O'  60x100, advance 60
static const uint8_t Bubblegum50_upper_O[] PROGMEM = {
    0x01, 0x3B, 0x80, 0x80, 0x80, 0x80, 0x80, 0x80, 0x80, 0x80, 0x80, 0x03, 0x15, 0x8B, 0x19, 0x8A,
    0x03, 0x11, 0x93, 0x15, 0x8C, 0x03, 0x0D, 0x9B, 0x11, 0x8E, 0x03, 0x0B, 0x9F, 0x0F, 0x90, 0x03,
    0x0B, 0xA1, 0x0D, 0x92, 0x03, 0x09, 0xA5, 0x0B, 0x94, 0x03, 0x07, 0xA9, 0x09, 0x96, 0x96, 0x96,
    0x03, 0x05, 0xAD, 0x07, 0x9A, 0x9A, 0x9A, 0x9A, 0x9A, 0x03, 0x03, 0xAF, 0x07, 0xA0, 0x03, 0x03,
    0xB1, 0x05, 0xA2, 0x05, 0x03, 0x97, 0x03, 0x95, 0x05, 0xA4, 0x05, 0x03, 0x95, 0x05, 0x95, 0x05,
    0xA6, 0xA6, 0xA6, 0x05, 0x01, 0x97, 0x07, 0x95, 0x03, 0xAA, 0xAA, 0xAA, 0xAA, 0xAA, 0xAA, 0xAA,
    0xAA, 0xAA, 0xAA, 0xAA, 0x05, 0x03, 0x95, 0x07, 0x95, 0x03, 0xB6, 0x05, 0x03, 0x95, 0x05, 0x97,
    0x03, 0xB8, 0x05, 0x03, 0x97, 0x03, 0x97, 0x03, 0xBA, 0xA2, 0xA2, 0x03, 0x05, 0xAF, 0x05, 0xBE,
    0xBE, 0xBE, 0xBE, 0xBE, 0x03, 0x07, 0xAB, 0x07, 0xC4, 0x03, 0x09, 0xA9, 0x07, 0xC6, 0x03, 0x09,
    0xA7, 0x09, 0xC8, 0x03, 0x0B, 0xA3, 0x0B, 0xCA, 0x03, 0x0F, 0x9D, 0x0D, 0xCC, 0x03, 0x11, 0x99,
    0x0F, 0xCE, 0x03, 0x17, 0x8D, 0x15, 0xD0, 0x80, 0x80, 0x80, 0x80, 0x80, 0x80, 0x80, 0x80, 0x80,
    0x80, 0x80, 0x80, 0x80, 0x80, 0x80, 0x80, 0x80, 0x80,
};

// ASCII 80 'P'  54x100, advance 52
static const uint8_t Bubblegum50_upper_P[] PROGMEM = {
    0x01, 0x35, 0x80, 0x80, 0x80, 0x80, 0x80, 0x80, 0x80, 0x80, 0x80, 0x03, 0x0D, 0x93, 0x13, 0x8A,
    0x03, 0x07, 0x9D, 0x0F, 0x8C, 0x03, 0x05, 0xA3, 0x0B, 0x8E, 0x03, 0x03, 0xA7, 0x09, 0x90, 0x03,
    0x03, 0xA9, 0x07, 0x92, 0x03, 0x03, 0xAB, 0x05, 0x94, 0x94, 0x94, 0x03, 0x01, 0xAF, 0x03, 0x98,
    0x98, 0x98, 0x05, 0x01, 0x95, 0x05, 0x95, 0x01, 0x9C, 0x05, 0x01, 0x95, 0x07, 0x93, 0x01, 0x9E,
    0x9E, 0x9E, 0x9E, 0x9E, 0x9C, 0x9C, 0x05, 0x01, 0x95, 0x03, 0x97, 0x01, 0xA6, 0xA6, 0xA6, 0x03,
    0x01, 0xB1, 0x01, 0xAA, 0x98, 0x98, 0x98, 0x98, 0x03, 0x01, 0xAD, 0x05, 0xB0, 0xB0, 0xB0, 0x03,
    0x01, 0xAB, 0x07, 0xB4, 0x03, 0x01, 0xA9, 0x09, 0xB6, 0x03, 0x01, 0xA5, 0x0D, 0xB8, 0x03, 0x01,
    0x9F, 0x13, 0xBA, 0x03, 0x01, 0x97, 0x1B, 0xBC, 0xBC, 0xBC, 0x03, 0x03, 0x97, 0x19, 0xC0, 0xC0,
    0xC0, 0xC0, 0xC0, 0xC0, 0xC0, 0xC0, 0xC0, 0xC0, 0xC0, 0x03, 0x05, 0x93, 0x1B, 0xCC, 0x03, 0x07,
    0x8F, 0x1D, 0xCE, 0x03, 0x09, 0x8B, 0x1F, 0xD0, 0x80, 0x80, 0x80, 0x80, 0x80, 0x80, 0x80, 0x80,
    0x80, 0x80, 0x80, 0x80, 0x80, 0x80, 0x80, 0x80, 0x80, 0x80,
};

// ASCII 81 'Q'  60x100, advance 60
static const uint8_t Bubblegum50_upper_Q[] PROGMEM = {
    0x01, 0x3B, 0x80, 0x80, 0x80, 0x80, 0x80, 0x80, 0x80, 0x80, 0x80, 0x03, 0x13, 0x8B, 0x1B, 0x8A,
    0x03, 0x0F, 0x95, 0x15, 0x8C, 0x03, 0x0D, 0x99, 0x13, 0x8E, 0x03, 0x0B, 0x9D, 0x11, 0x90, 0x03,
    0x09, 0xA1, 0x0F, 0x92, 0x03, 0x07, 0xA5, 0x0D, 0x94, 0x03, 0x07, 0xA7, 0x0B, 0x96, 0x03, 0x05,
    0xA9, 0x0B, 0x98, 0x03, 0x05, 0xAB, 0x09, 0x9A, 0x9A, 0x9A, 0x03, 0x03, 0xAF, 0x07, 0x9E, 0x9E,
    0x9E, 0x9E, 0x9E, 0x9E, 0x9E, 0x05, 0x03, 0x95, 0x01, 0x99, 0x05, 0xA6, 0x05, 0x01, 0x95, 0x03,
    0x99, 0x05, 0xA8, 0xA8, 0xA8, 0x05, 0x01, 0x95, 0x05, 0x97, 0x05, 0xAC, 0xAC, 0xAC, 0xAC, 0xAC,
    0xAC, 0xAC, 0xAC, 0xAC, 0xAC, 0xAC, 0x05, 0x01, 0x95, 0x05, 0x95, 0x07, 0xB8, 0x05, 0x03, 0x93,
    0x01, 0x99, 0x07, 0xBA, 0xBA, 0xBA, 0x9E, 0x9E, 0x9E, 0x9E, 0x9A, 0x9A, 0x9A, 0x9A, 0x03, 0x05,
    0xAD, 0x07, 0xC6, 0x03, 0x07, 0xAD, 0x05, 0xC8, 0x03, 0x09, 0xAB, 0x05, 0xCA, 0x03, 0x0B, 0xAB,
    0x03, 0xCC, 0x03, 0x0D, 0xA9, 0x03, 0xCE, 0x03, 0x11, 0xA5, 0x03, 0xD0, 0x03, 0x21, 0x93, 0x05,
    0xD2, 0x03, 0x23, 0x91, 0x05, 0xD4, 0x03, 0x27, 0x89, 0x09, 0xD6, 0x80, 0x80, 0x80, 0x80, 0x80,
    0x80, 0x80, 0x80, 0x80, 0x80, 0x80, 0x80,
};

// ASCII 82 'R'  58x100, advance 58
static const uint8_t Bubblegum50_upper_R[] PROGMEM = {
    0x01, 0x39, 0x80, 0x80, 0x80, 0x80, 0x80, 0x80, 0x80, 0x80, 0x80, 0x03, 0x15, 0x8F, 0x13, 0x8A,
    0x03, 0x0D, 0x9B, 0x0F, 0x8C, 0x03, 0x09, 0xA3, 0x0B, 0x8E, 0x03, 0x07, 0xA7, 0x09, 0x90, 0x03,
    0x05, 0xAB, 0x07, 0x92, 0x92, 0x92, 0x92, 0x92, 0x03, 0x03, 0xAF, 0x05, 0x98, 0x98, 0x98, 0x98,
    0x98, 0x05, 0x03, 0x95, 0x01, 0x97, 0x05, 0x9E, 0x05, 0x03, 0x93, 0x05, 0x97, 0x03, 0xA0, 0x05,
    0x03, 0x93, 0x07, 0x95, 0x03, 0xA2, 0xA2, 0xA2, 0x05, 0x03, 0x93, 0x07, 0x93, 0x05, 0xA6, 0xA6,
    0xA6, 0x05, 0x03, 0x93, 0x03, 0x97, 0x05, 0xAA, 0x03, 0x03, 0xAD, 0x07, 0xAC, 0xAC, 0xAC, 0x03,
    0x03, 0xAB, 0x09, 0xB0, 0x03, 0x03, 0xA9, 0x0B, 0xB2, 0x03, 0x03, 0xA7, 0x0D, 0xB4, 0xB2, 0xB2,
    0xB0, 0xB0, 0x03, 0x01, 0xAF, 0x07, 0xBA, 0xBA, 0xBA, 0x03, 0x01, 0xB1, 0x05, 0xBE, 0x98, 0x98,
    0x03, 0x03, 0xB1, 0x03, 0xC2, 0x05, 0x03, 0x95, 0x01, 0x99, 0x03, 0xC4, 0xC4, 0xC4, 0x05, 0x03,
    0x95, 0x03, 0x97, 0x03, 0xC8, 0x05, 0x03, 0x95, 0x05, 0x93, 0x05, 0xCA, 0x05, 0x03, 0x95, 0x05,
    0x91, 0x07, 0xCC, 0x05, 0x05, 0x91, 0x09, 0x8D, 0x09, 0xCE, 0x05, 0x09, 0x89, 0x11, 0x87, 0x0B,
    0xD0, 0x80, 0x80, 0x80, 0x80, 0x80, 0x80, 0x80, 0x80, 0x80, 0x80, 0x80, 0x80, 0x80, 0x80, 0x80,
    0x80, 0x80, 0x80,
};

// ASCII 83 'S'  52x100, advance 52
static const uint8_t Bubblegum50_upper_S[] PROGMEM = {
    0x01, 0x33, 0x80, 0x80, 0x80, 0x80, 0x80, 0x80, 0x80, 0x80, 0x80, 0x03, 0x13, 0x8D, 0x11, 0x8A,
    0x03, 0x0F, 0x95, 0x0D, 0x8C, 0x03, 0x0B, 0x9B, 0x0B, 0x8E, 0x03, 0x09, 0x9F, 0x09, 0x90, 0x03,
    0x07, 0xA3, 0x07, 0x92, 0x03, 0x05, 0xA5, 0x07, 0x94, 0x03, 0x03, 0xA9, 0x05, 0x96, 0x96, 0x96,
    0x05, 0x03, 0x95, 0x03, 0x8D, 0x07, 0x9A, 0x05, 0x01, 0x97, 0x05, 0x8B, 0x07, 0x9C, 0x05, 0x01,
    0x97, 0x05, 0x89, 0x09, 0x9E, 0x03, 0x01, 0x97, 0x19, 0xA0, 0x03, 0x01, 0x99, 0x17, 0xA2, 0x03,
    0x03, 0x99, 0x15, 0xA4, 0x03, 0x03, 0x9D, 0x11, 0xA6, 0x03, 0x03, 0x9F, 0x0F, 0xA8, 0x03, 0x05,
    0xA1, 0x0B, 0xAA, 0x03, 0x05, 0xA3, 0x09, 0xAC, 0x92, 0x92, 0x92, 0x92, 0x03, 0x09, 0xA3, 0x05,
    0xB2, 0x03, 0x0D, 0x9F, 0x05, 0xB4, 0x03, 0x0F, 0x9F, 0x03, 0xB6, 0x03, 0x13, 0x9B, 0x03, 0xB8,
    0x03, 0x15, 0x99, 0x03, 0xBA, 0x05, 0x03, 0x87, 0x09, 0x99, 0x03, 0xBC, 0x05, 0x03, 0x8B, 0x03,
    0x9B, 0x03, 0xBE, 0x03, 0x01, 0xAD, 0x03, 0xC0, 0xC0, 0xC0, 0x96, 0x96, 0x96, 0x96, 0x03, 0x03,
    0xA7, 0x07, 0xC8, 0xAC, 0xAC, 0x03, 0x07, 0x9F, 0x0B, 0xCC, 0x03, 0x0B, 0x97, 0x0F, 0xCE, 0x03,
    0x11, 0x8B, 0x15, 0xD0, 0x80, 0x80, 0x80, 0x80, 0x80, 0x80, 0x80, 0x80, 0x80, 0x80, 0x80, 0x80,
    0x80, 0x80, 0x80, 0x80, 0x80, 0x80,
};

// ASCII 84 'T'  56x100, advance 56
static const uint8_t Bubblegum50_upper_T[] PROGMEM = {
    0x01, 0x37, 0x80, 0x80, 0x80, 0x80, 0x80, 0x80, 0x80, 0x80, 0x80, 0x03, 0x0F, 0x93, 0x13, 0x8A,
    0x03, 0x09, 0x9F, 0x0D, 0x8C, 0x03, 0x05, 0xA9, 0x07, 0x8E, 0x03, 0x03, 0xAD, 0x05, 0x90, 0x03,
    0x01, 0xB1, 0x03, 0x92, 0x92, 0x92, 0x92, 0x92, 0x92, 0x92, 0x92, 0x92, 0x03, 0x03, 0xAF, 0x03,
    0x9C, 0x9C, 0x9C, 0x03, 0x07, 0xA9, 0x05, 0xA0, 0x03, 0x0F, 0x99, 0x0D, 0xA2, 0x8A, 0x8A, 0x8A,
    0x8A, 0x03, 0x0F, 0x95, 0x11, 0xA8, 0xA8, 0xA8, 0xA8, 0xA8, 0xA8, 0xA8, 0xA8, 0xA8, 0xA8, 0xA8,
    0xA8, 0xA8, 0xA8, 0xA8, 0x03, 0x0F, 0x97, 0x0F, 0xB8, 0xB8, 0xB8, 0x03, 0x0D, 0x99, 0x0F, 0xBC,
    0xBC, 0xBC, 0xBC, 0xBC, 0xBC, 0xBC, 0xA8, 0xA8, 0xA8, 0xA8, 0xA8, 0xA8, 0xA8, 0xA8, 0x03, 0x11,
    0x91, 0x13, 0xCC, 0x03, 0x13, 0x8F, 0x13, 0xCE, 0x03, 0x17, 0x87, 0x17, 0xD0, 0x80, 0x80, 0x80,
    0x80, 0x80, 0x80, 0x80, 0x80, 0x80, 0x80, 0x80, 0x80, 0x80, 0x80, 0x80, 0x80, 0x80, 0x80,
};

// ASCII 85 'U'  62x100, advance 62
static const uint8_t Bubblegum50_upper_U[] PROGMEM = {
    0x01, 0x3D, 0x80, 0x80, 0x80, 0x80, 0x80, 0x80, 0x80, 0x80, 0x80, 0x03, 0x29, 0x85, 0x0D, 0x8A,
    0x05, 0x0D, 0x87, 0x11, 0x8B, 0x09, 0x8C, 0x05, 0x09, 0x8D, 0x0D, 0x8F, 0x07, 0x8E, 0x05, 0x07,
    0x91, 0x09, 0x93, 0x05, 0x90, 0x05, 0x05, 0x93, 0x09, 0x93, 0x05, 0x92, 0x05, 0x05, 0x95, 0x07,
    0x95, 0x03, 0x94, 0x94, 0x94, 0x94, 0x94, 0x05, 0x03, 0x95, 0x09, 0x95, 0x03, 0x9A, 0x9A, 0x9A,
    0x05, 0x03, 0x95, 0x07, 0x97, 0x03, 0x9E, 0x9E, 0x9E, 0x9E, 0x9E, 0x9E, 0x9E, 0x05, 0x03, 0x93,
    0x09, 0x97, 0x03, 0xA6, 0xA6, 0xA6, 0x05, 0x01, 0x95, 0x09, 0x95, 0x05, 0xAA, 0xAA, 0xAA, 0xAA,
    0xAA, 0xAA, 0xAA, 0xAA, 0xAA, 0x05, 0x03, 0x93, 0x07, 0x97, 0x05, 0xB4, 0x05, 0x03, 0x95, 0x05,
    0x95, 0x07, 0xB6, 0x03, 0x03, 0xB1, 0x07, 0xB8, 0xB8, 0xB8, 0xB8, 0xB8, 0x03, 0x03, 0xAF, 0x09,
    0xBE, 0xBE, 0xBE, 0x03, 0x05, 0xAD, 0x09, 0xC2, 0x03, 0x05, 0xAB, 0x0B, 0xC4, 0x03, 0x07, 0xA9,
    0x0B, 0xC6, 0x03, 0x09, 0xA5, 0x0D, 0xC8, 0x03, 0x0B, 0xA1, 0x0F, 0xCA, 0x03, 0x0D, 0x9F, 0x0F,
    0xCC, 0x03, 0x0F, 0x99, 0x13, 0xCE, 0x03, 0x15, 0x91, 0x15, 0xD0, 0x80, 0x80, 0x80, 0x80, 0x80,
    0x80, 0x80, 0x80, 0x80, 0x80, 0x80, 0x80, 0x80, 0x80, 0x80, 0x80, 0x80, 0x80,
};

// ASCII 86 'V'  62x100, advance 62
static const uint8_t Bubblegum50_upper_V[] PROGMEM = {
    0x01, 0x3D, 0x80, 0x80, 0x80, 0x80, 0x80, 0x80, 0x80, 0x80, 0x80, 0x03, 0x25, 0x8B, 0x0B, 0x8A,
    0x05, 0x0D, 0x81, 0x13, 0x91, 0x07, 0x8C, 0x05, 0x07, 0x8D, 0x0B, 0x95, 0x05, 0x8E, 0x05, 0x05,
    0x8F, 0x09, 0x97, 0x05, 0x90, 0x05, 0x03, 0x93, 0x07, 0x99, 0x03, 0x92, 0x92, 0x92, 0x05, 0x01,
    0x97, 0x05, 0x99, 0x03, 0x96, 0x05, 0x01, 0x97, 0x03, 0x9B, 0x03, 0x98, 0x98, 0x98, 0x98, 0x98,
    0x98, 0x98, 0x05, 0x01, 0x97, 0x03, 0x99, 0x05, 0xA0, 0x05, 0x01, 0x99, 0x01, 0x99, 0x05, 0xA2,
    0xA2, 0xA2, 0xA2, 0xA2, 0x03, 0x01, 0xB3, 0x07, 0xA8, 0x03, 0x03, 0xB1, 0x07, 0xAA, 0xAA, 0xAA,
    0xAA, 0xAA, 0x03, 0x03, 0xAF, 0x09, 0xB0, 0xB0, 0xB0, 0x03, 0x05, 0xAB, 0x0B, 0xB4, 0xB4, 0xB4,
    0xB4, 0xB4, 0x03, 0x05, 0xA9, 0x0D, 0xBA, 0x03, 0x07, 0xA7, 0x0D, 0xBC, 0xBC, 0xBC, 0x03, 0x09,
    0xA3, 0x0F, 0xC0, 0xC0, 0xC0, 0x03, 0x09, 0xA1, 0x11, 0xC4, 0x03, 0x0B, 0x9F, 0x11, 0xC6, 0x03,
    0x0D, 0x9B, 0x13, 0xC8, 0xC8, 0xC8, 0x03, 0x0F, 0x97, 0x15, 0xCC, 0x03, 0x11, 0x93, 0x17, 0xCE,
    0x03, 0x15, 0x8B, 0x1B, 0xD0, 0x80, 0x80, 0x80, 0x80, 0x80, 0x80, 0x80, 0x80, 0x80, 0x80, 0x80,
    0x80, 0x80, 0x80, 0x80, 0x80, 0x80, 0x80,
};

// ASCII 87 'W'  78x100, advance 78
static const uint8_t Bubblegum50_upper_W[] PROGMEM = {
    0x01, 0x4D, 0x80, 0x80, 0x80, 0x80, 0x80, 0x80, 0x80, 0x80, 0x80, 0x05, 0x09, 0x87, 0x29, 0x87,
    0x09, 0x8A, 0x05, 0x07, 0x8D, 0x21, 0x8D, 0x07, 0x8C, 0x05, 0x05, 0x8F, 0x21, 0x8F, 0x05, 0x8E,
    0x05, 0x05, 0x91, 0x1D, 0x93, 0x03, 0x90, 0x05, 0x03, 0x93, 0x1D, 0x93, 0x03, 0x92, 0x05, 0x03,
    0x93, 0x1B, 0x95, 0x03, 0x94, 0x07, 0x03, 0x93, 0x0B, 0x85, 0x09, 0x95, 0x03, 0x96, 0x07, 0x03,
    0x93, 0x09, 0x89, 0x07, 0x95, 0x03, 0x98, 0x07, 0x03, 0x93, 0x07, 0x8B, 0x05, 0x97, 0x03, 0x9A,
    0x07, 0x03, 0x93, 0x05, 0x8F, 0x03, 0x95, 0x05, 0x9C, 0x9C, 0x9C, 0x07, 0x01, 0x95, 0x05, 0x8F,
    0x03, 0x95, 0x05, 0xA0, 0x07, 0x01, 0x95, 0x03, 0x91, 0x03, 0x95, 0x05, 0xA2, 0xA2, 0xA2, 0x07,
    0x01, 0x97, 0x01, 0x93, 0x01, 0x95, 0x05, 0xA6, 0x05, 0x01, 0x97, 0x01, 0xA9, 0x07, 0xA8, 0x03,
    0x01, 0xC3, 0x07, 0xAA, 0xAA, 0xAA, 0x03, 0x03, 0xC1, 0x07, 0xAE, 0xAE, 0xAE, 0x03, 0x03, 0xBF,
    0x09, 0xB2, 0xB2, 0xB2, 0xB2, 0xB2, 0x05, 0x03, 0x9F, 0x01, 0x9D, 0x09, 0xB8, 0xB8, 0xB8, 0x05,
    0x03, 0x9F, 0x01, 0x9B, 0x0B, 0xBC, 0x05, 0x05, 0x9D, 0x01, 0x9B, 0x0B, 0xBE, 0xBE, 0xBE, 0xBE,
    0xBE, 0x05, 0x07, 0x9B, 0x01, 0x99, 0x0D, 0xC4, 0x05, 0x07, 0x99, 0x05, 0x97, 0x0D, 0xC6, 0x05,
    0x09, 0x97, 0x05, 0x95, 0x0F, 0xC8, 0xC8, 0xC8, 0x05, 0x0B, 0x93, 0x09, 0x91, 0x11, 0xCC, 0x05,
    0x0D, 0x91, 0x09, 0x8F, 0x13, 0xCE, 0x05, 0x11, 0x89, 0x11, 0x89, 0x15, 0xD0, 0x80, 0x80, 0x80,
    0x80, 0x80, 0x80, 0x80, 0x80, 0x80, 0x80, 0x80, 0x80, 0x80, 0x80, 0x80, 0x80, 0x80, 0x80,
};

// ASCII 88 'X'  58x100, advance 58
static const uint8_t Bubblegum50_upper_X[] PROGMEM = {
    0x01, 0x39, 0x80, 0x80, 0x80, 0x80, 0x80, 0x80, 0x80, 0x80, 0x80, 0x05, 0x0D, 0x81, 0x15, 0x87,
    0x0B, 0x8A, 0x05, 0x09, 0x8B, 0x0B, 0x8D, 0x09, 0x8C, 0x05, 0x07, 0x8F, 0x09, 0x8F, 0x07, 0x8E,
    0x05, 0x07, 0x91, 0x05, 0x93, 0x05, 0x90, 0x05, 0x05, 0x93, 0x05, 0x93, 0x05, 0x92, 0x05, 0x05,
    0x95, 0x03, 0x95, 0x03, 0x94, 0x94, 0x94, 0x05, 0x05, 0x95, 0x01, 0x97, 0x03, 0x98, 0x98, 0x98,
    0x98, 0x98, 0x03, 0x05, 0xAD, 0x05, 0x9E, 0x03, 0x07, 0xAB, 0x05, 0xA0, 0x03, 0x07, 0xA9, 0x07,
    0xA2, 0xA2, 0xA2, 0x03, 0x09, 0xA5, 0x09, 0xA6, 0x03, 0x0B, 0xA1, 0x0B, 0xA8, 0xA8, 0xA8, 0x03,
    0x0D, 0x9D, 0x0D, 0xAC, 0x03, 0x0D, 0x9B, 0x0F, 0xAE, 0xAE, 0xAE, 0x03, 0x0B, 0x9D, 0x0F, 0xB2,
    0x03, 0x09, 0xA1, 0x0D, 0xB4, 0x03, 0x07, 0xA3, 0x0D, 0xB6, 0x03, 0x07, 0xA5, 0x0B, 0xB8, 0x03,
    0x05, 0xA9, 0x09, 0xBA, 0x03, 0x05, 0xAB, 0x07, 0xBC, 0x03, 0x03, 0xAD, 0x07, 0xBE, 0xBE, 0xBE,
    0x03, 0x01, 0xB1, 0x05, 0xC2, 0x05, 0x01, 0x97, 0x01, 0x97, 0x05, 0xC4, 0xC4, 0xC4, 0x05, 0x01,
    0x95, 0x03, 0x97, 0x05, 0xC8, 0x05, 0x03, 0x93, 0x05, 0x95, 0x05, 0xCA, 0x05, 0x03, 0x91, 0x07,
    0x93, 0x07, 0xCC, 0x05, 0x05, 0x8F, 0x09, 0x8F, 0x09, 0xCE, 0x05, 0x07, 0x89, 0x11, 0x89, 0x0B,
    0xD0, 0x80, 0x80, 0x80, 0x80, 0x80, 0x80, 0x80, 0x80, 0x80, 0x80, 0x80, 0x80, 0x80, 0x80, 0x80,
    0x80, 0x80, 0x80,
};

// ASCII 89 'Y'  54x100, advance 54
static const uint8_t Bubblegum50_upper_Y[] PROGMEM = {
    0x01, 0x35, 0x80, 0x80, 0x80, 0x80, 0x80, 0x80, 0x80, 0x80, 0x80, 0x05, 0x07, 0x87, 0x13, 0x89,
    0x07, 0x8A, 0x05, 0x05, 0x8B, 0x0F, 0x8D, 0x05, 0x8C, 0x05, 0x03, 0x8F, 0x0B, 0x91, 0x03, 0x8E,
    0x05, 0x01, 0x91, 0x09, 0x95, 0x01, 0x90, 0x05, 0x01, 0x93, 0x07, 0x95, 0x01, 0x92, 0x92, 0x92,
    0x05, 0x01, 0x95, 0x03, 0x97, 0x01, 0x96, 0x96, 0x96, 0x96, 0x96, 0x05, 0x03, 0x93, 0x01, 0x97,
    0x03, 0x9C, 0x03, 0x03, 0xAD, 0x03, 0x9E, 0x9E, 0x9E, 0x03, 0x05, 0xA9, 0x05, 0xA2, 0xA2, 0xA2,
    0x03, 0x07, 0xA7, 0x05, 0xA6, 0x03, 0x07, 0xA5, 0x07, 0xA8, 0x03, 0x09, 0xA3, 0x07, 0xAA, 0x03,
    0x09, 0xA1, 0x09, 0xAC, 0x03, 0x0B, 0x9D, 0x0B, 0xAE, 0xAE, 0xAE, 0x03, 0x0D, 0x99, 0x0D, 0xB2,
    0xB2, 0xB2, 0x03, 0x0F, 0x97, 0x0D, 0xB6, 0xB6, 0xB6, 0xB6, 0xB6, 0xB6, 0xB6, 0xB6, 0xB6, 0xB6,
    0xB6, 0xB6, 0xB6, 0xB6, 0xB6, 0x03, 0x0F, 0x95, 0x0F, 0xC6, 0xC6, 0xC6, 0x03, 0x11, 0x93, 0x0F,
    0xCA, 0x03, 0x11, 0x91, 0x11, 0xCC, 0x03, 0x13, 0x8D, 0x13, 0xCE, 0x03, 0x15, 0x89, 0x15, 0xD0,
    0x80, 0x80, 0x80, 0x80, 0x80, 0x80, 0x80, 0x80, 0x80, 0x80, 0x80, 0x80, 0x80, 0x80, 0x80, 0x80,
    0x80, 0x80,
};

// ASCII 90 'Z'  58x100, advance 58
static const uint8_t Bubblegum50_upper_Z[] PROGMEM = {
    0x01, 0x39, 0x80, 0x80, 0x80, 0x80, 0x80, 0x80, 0x80, 0x80, 0x80, 0x03, 0x11, 0x99, 0x0D, 0x8A,
    0x03, 0x09, 0xA5, 0x09, 0x8C, 0x03, 0x07, 0xA9, 0x07, 0x8E, 0x03, 0x05, 0xAD, 0x05, 0x90, 0x03,
    0x05, 0xAF, 0x03, 0x92, 0x92, 0x92, 0x92, 0x92, 0x92, 0x92, 0x92, 0x92, 0x90, 0x90, 0x03, 0x09,
    0xA9, 0x05, 0x9E, 0x03, 0x17, 0x9B, 0x05, 0xA0, 0x03, 0x17, 0x99, 0x07, 0xA2, 0x03, 0x15, 0x9B,
    0x07, 0xA4, 0x03, 0x13, 0x9B, 0x09, 0xA6, 0x03, 0x0F, 0x9D, 0x0B, 0xA8, 0x03, 0x0D, 0x9F, 0x0B,
    0xAA, 0x03, 0x0B, 0x9F, 0x0D, 0xAC, 0x03, 0x0B, 0x9D, 0x0F, 0xAE, 0x03, 0x09, 0x9D, 0x11, 0xB0,
    0x03, 0x07, 0x9D, 0x13, 0xB2, 0x03, 0x07, 0x9B, 0x15, 0xB4, 0x03, 0x05, 0x9B, 0x17, 0xB6, 0x03,
    0x05, 0x99, 0x19, 0xB8, 0x05, 0x03, 0x99, 0x03, 0x8D, 0x09, 0xBA, 0x03, 0x03, 0xAF, 0x05, 0xBC,
    0xBC, 0xBC, 0x03, 0x01, 0xB1, 0x05, 0xC0, 0xC0, 0xC0, 0xC0, 0xC0, 0xC0, 0xC0, 0xBC, 0xBC, 0x03,
    0x03, 0xAD, 0x07, 0xCA, 0x03, 0x05, 0xA9, 0x09, 0xCC, 0x03, 0x09, 0xA3, 0x0B, 0xCE, 0x03, 0x0F,
    0x95, 0x13, 0xD0, 0x80, 0x80, 0x80, 0x80, 0x80, 0x80, 0x80, 0x80, 0x80, 0x80, 0x80, 0x80, 0x80,
    0x80, 0x80, 0x80, 0x80, 0x80,
};

// ASCII 91 '['  32x100, advance 32
static const uint8_t Bubblegum50_bracketleft[] PROGMEM = {
    0x01, 0x1F, 0x80, 0x80, 0x80, 0x80, 0x80, 0x80, 0x80, 0x80, 0x80, 0x80, 0x80, 0x80, 0x80, 0x80,
    0x80, 0x80, 0x80, 0x80, 0x80, 0x80, 0x80, 0x80, 0x80, 0x80, 0x80, 0x80, 0x80, 0x80, 0x80, 0x80,
    0x80, 0x80, 0x80, 0x80, 0x80, 0x80, 0x80, 0x80, 0x80, 0x80, 0x80, 0x80, 0x80, 0x80, 0x80, 0x80,
    0x80, 0x80, 0x80, 0x80, 0x80, 0x80, 0x80, 0x80, 0x80, 0x80, 0x80, 0x80, 0x80, 0x80, 0x80, 0x80,
    0x80, 0x80, 0x80, 0x80, 0x80, 0x80, 0x80, 0x80, 0x80, 0x80, 0x80, 0x80, 0x80, 0x80, 0x80, 0x80,
    0x80, 0x80, 0x80, 0x80, 0x80, 0x80, 0x80, 0x80, 0x80, 0x80, 0x80, 0x80, 0x80, 0x80, 0x80, 0x80,
    0x80, 0x80, 0x80, 0x80, 0x80,
};

// ASCII 92 '\'  32x100, advance 32
static const uint8_t Bubblegum50_backslash[] PROGMEM = {
    0x01, 0x1F, 0x80, 0x80, 0x80, 0x80, 0x80, 0x80, 0x80, 0x80, 0x80, 0x80, 0x80, 0x80, 0x80, 0x80,
    0x80, 0x80, 0x80, 0x80, 0x80, 0x80, 0x80, 0x80, 0x80, 0x80, 0x80, 0x80, 0x80, 0x80, 0x80, 0x80,
    0x80, 0x80, 0x80, 0x80, 0x80, 0x80, 0x80, 0x80, 0x80, 0x80, 0x80, 0x80, 0x80, 0x80, 0x80, 0x80,
    0x80, 0x80, 0x80, 0x80, 0x80, 0x80, 0x80, 0x80, 0x80, 0x80, 0x80, 0x80, 0x80, 0x80, 0x80, 0x80,
    0x80, 0x80, 0x80, 0x80, 0x80, 0x80, 0x80, 0x80, 0x80, 0x80, 0x80, 0x80, 0x80, 0x80, 0x80, 0x80,
    0x80, 0x80, 0x80, 0x80, 0x80, 0x80, 0x80, 0x80, 0x80, 0x80, 0x80, 0x80, 0x80, 0x80, 0x80, 0x80,
    0x80, 0x80, 0x80, 0x80, 0x80,
};

// ASCII 93 ']'  32x100, advance 32
static const uint8_t Bubblegum50_bracketright[] PROGMEM = {
    0x01, 0x1F, 0x80, 0x80, 0x80, 0x80, 0x80, 0x80, 0x80, 0x80, 0x80, 0x80, 0x80, 0x80, 0x80, 0x80,
    0x80, 0x80, 0x80, 0x80, 0x80, 0x80, 0x80, 0x80, 0x80, 0x80, 0x80, 0x80, 0x80, 0x80, 0x80, 0x80,
    0x80, 0x80, 0x80, 0x80, 0x80, 0x80, 0x80, 0x80, 0x80, 0x80, 0x80, 0x80, 0x80, 0x80, 0x80, 0x80,
    0x80, 0x80, 0x80, 0x80, 0x80, 0x80, 0x80, 0x80, 0x80, 0x80, 0x80, 0x80, 0x80, 0x80, 0x80, 0x80,
    0x80, 0x80, 0x80, 0x80, 0x80, 0x80, 0x80, 0x80, 0x80, 0x80, 0x80, 0x80, 0x80, 0x80, 0x80, 0x80,
    0x80, 0x80, 0x80, 0x80, 0x80, 0x80, 0x80, 0x80, 0x80, 0x80, 0x80, 0x80, 0x80, 0x80, 0x80, 0x80,
    0x80, 0x80, 0x80, 0x80, 0x80,
};

// ASCII 94 '^'  32x100, advance 32
static const uint8_t Bubblegum50_caret[] PROGMEM = {
    0x01, 0x1F, 0x80, 0x80, 0x80, 0x80, 0x80, 0x80, 0x80, 0x80, 0x80, 0x80, 0x80, 0x80, 0x80, 0x80,
    0x80, 0x80, 0x80, 0x80, 0x80, 0x80, 0x80, 0x80, 0x80, 0x80, 0x80, 0x80, 0x80, 0x80, 0x80, 0x80,
    0x80, 0x80, 0x80, 0x80, 0x80, 0x80, 0x80, 0x80, 0x80, 0x80, 0x80, 0x80, 0x80, 0x80, 0x80, 0x80,
    0x80, 0x80, 0x80, 0x80, 0x80, 0x80, 0x80, 0x80, 0x80, 0x80, 0x80, 0x80, 0x80, 0x80, 0x80, 0x80,
    0x80, 0x80, 0x80, 0x80, 0x80, 0x80, 0x80, 0x80, 0x80, 0x80, 0x80, 0x80, 0x80, 0x80, 0x80, 0x80,
    0x80, 0x80, 0x80, 0x80, 0x80, 0x80, 0x80, 0x80, 0x80, 0x80, 0x80, 0x80, 0x80, 0x80, 0x80, 0x80,
    0x80, 0x80, 0x80, 0x80, 0x80,
};

// ASCII 95 '_'  54x100, advance 54
static const uint8_t Bubblegum50_underscore[] PROGMEM = {
    0x01, 0x35, 0x80, 0x80, 0x80, 0x80, 0x80, 0x80, 0x80, 0x80, 0x80, 0x80, 0x80, 0x80, 0x80, 0x80,
    0x80, 0x80, 0x80, 0x80, 0x80, 0x80, 0x80, 0x80, 0x80, 0x80, 0x80, 0x80, 0x80, 0x80, 0x80, 0x80,
    0x80, 0x80, 0x80, 0x80, 0x80, 0x80, 0x80, 0x80, 0x80, 0x80, 0x80, 0x80, 0x80, 0x80, 0x80, 0x80,
    0x80, 0x80, 0x80, 0x80, 0x80, 0x80, 0x80, 0x80, 0x80, 0x80, 0x80, 0x80, 0x80, 0x80, 0x80, 0x80,
    0x80, 0x80, 0x80, 0x80, 0x80, 0x80, 0x80, 0x80, 0x80, 0x80, 0x80, 0x03, 0x05, 0x8F, 0x1F, 0xCA,
    0x03, 0x03, 0xAB, 0x05, 0xCC, 0x03, 0x03, 0xAD, 0x03, 0xCE, 0x05, 0x03, 0x87, 0x05, 0x9D, 0x05,
    0xD0, 0x80, 0x80, 0x80, 0x80, 0x80, 0x80, 0x80, 0x80, 0x80, 0x80, 0x80, 0x80, 0x80, 0x80, 0x80,
    0x80, 0x80, 0x80,
};

// ASCII 96 '`'  22x100, advance 22
static const uint8_t Bubblegum50_grave[] PROGMEM = {
    0x01, 0x15, 0x80, 0x80, 0x80, 0x80, 0x80, 0x80, 0x80, 0x03, 0x03, 0x89, 0x07, 0x88, 0x03, 0x01,
    0x8F, 0x03, 0x8A, 0x8A, 0x8A, 0x03, 0x03, 0x8F, 0x01, 0x8E, 0x8E, 0x8E, 0x03, 0x05, 0x8D, 0x01,
    0x92, 0x03, 0x07, 0x8B, 0x01, 0x94, 0x03, 0x09, 0x89, 0x01, 0x96, 0x03, 0x0B, 0x85, 0x03, 0x98,
    0x80, 0x80, 0x80, 0x80, 0x80, 0x80, 0x80, 0x80, 0x80, 0x80, 0x80, 0x80, 0x80, 0x80, 0x80, 0x80,
    0x80, 0x80, 0x80, 0x80, 0x80, 0x80, 0x80, 0x80, 0x80, 0x80, 0x80, 0x80, 0x80, 0x80, 0x80, 0x80,
    0x80, 0x80, 0x80, 0x80, 0x80, 0x80, 0x80, 0x80, 0x80, 0x80, 0x80, 0x80, 0x80, 0x80, 0x80, 0x80,
    0x80, 0x80, 0x80, 0x80, 0x80, 0x80, 0x80, 0x80, 0x80, 0x80, 0x80, 0x80, 0x80, 0x80, 0x80, 0x80,
    0x80, 0x80, 0x80, 0x80, 0x80, 0x80, 0x80, 0x80, 0x80, 0x80,
};

// ASCII 97 'a'  60x100, advance 60
static const uint8_t Bubblegum50_lower_a[] PROGMEM = {
    0x01, 0x3B, 0x80, 0x80, 0x80, 0x80, 0x80, 0x80, 0x80, 0x80, 0x80, 0x03, 0x17, 0x8D, 0x15, 0x8A,
    0x03, 0x13, 0x95, 0x11, 0x8C, 0x03, 0x0F, 0x9D, 0x0D, 0x8E, 0x03, 0x0D, 0xA1, 0x0B, 0x90, 0x90,
    0x90, 0x03, 0x0B, 0xA5, 0x09, 0x94, 0x03, 0x09, 0xA7, 0x09, 0x96, 0x03, 0x09, 0xA9, 0x07, 0x98,
    0x03, 0x07, 0xAB, 0x07, 0x9A, 0x05, 0x07, 0x95, 0x01, 0x93, 0x07, 0x9C, 0x05, 0x07, 0x93, 0x03,
    0x93, 0x07, 0x9E, 0x05, 0x05, 0x95, 0x03, 0x95, 0x05, 0xA0, 0xA0, 0xA0, 0xA0, 0xA0, 0x05, 0x03,
    0x97, 0x03, 0x95, 0x05, 0xA6, 0xA6, 0xA6, 0x05, 0x03, 0x97, 0x03, 0x97, 0x03, 0xAA, 0xAA, 0xAA,
    0x05, 0x03, 0x95, 0x05, 0x97, 0x03, 0xAE, 0xAE, 0xAE, 0x03, 0x03, 0xB3, 0x03, 0xB2, 0xB2, 0xB2,
    0xB2, 0xB2, 0x03, 0x01, 0xB5, 0x03, 0xB8, 0xB8, 0xB8, 0xB8, 0xB8, 0xB8, 0xB8, 0xB8, 0xB8, 0xB8,
    0xB8, 0x05, 0x03, 0x95, 0x07, 0x95, 0x03, 0xC4, 0xC4, 0xC4, 0xC4, 0xC4, 0x05, 0x03, 0x95, 0x09,
    0x91, 0x05, 0xCA, 0x05, 0x05, 0x91, 0x0B, 0x91, 0x05, 0xCC, 0x05, 0x07, 0x8F, 0x0F, 0x8B, 0x07,
    0xCE, 0x03, 0x09, 0x8B, 0x25, 0xD0, 0x80, 0x80, 0x80, 0x80, 0x80, 0x80, 0x80, 0x80, 0x80, 0x80,
    0x80, 0x80, 0x80, 0x80, 0x80, 0x80, 0x80, 0x80,
};

// ASCII 98 'b'  56x100, advance 56
static const uint8_t Bubblegum50_lower_b[] PROGMEM = {
    0x01, 0x37, 0x80, 0x80, 0x80, 0x80, 0x80, 0x80, 0x80, 0x80, 0x80, 0x03, 0x0D, 0x91, 0x17, 0x8A,
    0x03, 0x07, 0x9D, 0x11, 0x8C, 0x03, 0x05, 0xA1, 0x0F, 0x8E, 0x03, 0x03, 0xA7, 0x0B, 0x90, 0x90,
    0x90, 0x03, 0x03, 0xA9, 0x09, 0x94, 0x03, 0x03, 0xAB, 0x07, 0x96, 0x96, 0x96, 0x05, 0x03, 0x91,
    0x05, 0x93, 0x07, 0x9A, 0x9A, 0x9A, 0x05, 0x03, 0x91, 0x05, 0x95, 0x05, 0x9E, 0x9A, 0x9A, 0x9A,
    0x9A, 0x05, 0x03, 0x91, 0x03, 0x95, 0x07, 0xA4, 0x05, 0x03, 0x91, 0x01, 0x95, 0x09, 0xA6, 0x90,
    0x90, 0x03, 0x03, 0xA3, 0x0F, 0xAA, 0x90, 0x90, 0x94, 0x94, 0x96, 0x96, 0x03, 0x03, 0xAD, 0x05,
    0xB2, 0x05, 0x03, 0x91, 0x03, 0x97, 0x05, 0xB4, 0x9E, 0x9E, 0x05, 0x03, 0x91, 0x05, 0x97, 0x03,
    0xB8, 0x05, 0x03, 0x91, 0x03, 0x99, 0x03, 0xBA, 0x05, 0x03, 0x8F, 0x05, 0x99, 0x03, 0xBC, 0x05,
    0x03, 0x8F, 0x03, 0x99, 0x05, 0xBE, 0xB2, 0xB2, 0xB2, 0xB2, 0x96, 0x96, 0x96, 0x96, 0x94, 0x94,
    0x90, 0x90, 0x03, 0x05, 0xA3, 0x0D, 0xCC, 0x03, 0x07, 0x9B, 0x13, 0xCE, 0x8A, 0x8A, 0x80, 0x80,
    0x80, 0x80, 0x80, 0x80, 0x80, 0x80, 0x80, 0x80, 0x80, 0x80, 0x80, 0x80, 0x80, 0x80, 0x80, 0x80,
};

// ASCII 99 'c'  54x100, advance 54
static const uint8_t Bubblegum50_lower_c[] PROGMEM = {
    0x01, 0x35, 0x80, 0x80, 0x80, 0x80, 0x80, 0x80, 0x80, 0x80, 0x80, 0x03, 0x13, 0x8D, 0x13, 0x8A,
    0x03, 0x0F, 0x95, 0x0F, 0x8C, 0x03, 0x0B, 0x9D, 0x0B, 0x8E, 0x03, 0x09, 0xA1, 0x09, 0x90, 0x90,
    0x90, 0x03, 0x07, 0xA5, 0x07, 0x94, 0x03, 0x07, 0xA7, 0x05, 0x96, 0x03, 0x05, 0xA9, 0x05, 0x98,
    0x98, 0x98, 0x98, 0x98, 0x05, 0x03, 0x95, 0x01, 0x93, 0x05, 0x9E, 0x9E, 0x9E, 0x05, 0x03, 0x95,
    0x03, 0x8F, 0x07, 0xA2, 0x05, 0x03, 0x95, 0x05, 0x8B, 0x09, 0xA4, 0x05, 0x03, 0x95, 0x09, 0x83,
    0x0D, 0xA6, 0x03, 0x03, 0x95, 0x1B, 0xA8, 0x03, 0x01, 0x97, 0x1B, 0xAA, 0xAA, 0xAA, 0xAA, 0xAA,
    0xAA, 0xAA, 0x05, 0x01, 0x97, 0x0D, 0x83, 0x09, 0xB2, 0x05, 0x01, 0x97, 0x0B, 0x89, 0x05, 0xB4,
    0x05, 0x01, 0x97, 0x07, 0x8D, 0x05, 0xB6, 0x05, 0x03, 0x95, 0x05, 0x91, 0x03, 0xB8, 0x05, 0x03,
    0x95, 0x03, 0x93, 0x03, 0xBA, 0x03, 0x03, 0xAD, 0x03, 0xBC, 0xBC, 0xBC, 0x03, 0x05, 0xAB, 0x03,
    0xC0, 0xC0, 0xC0, 0x96, 0x96, 0x96, 0x96, 0x03, 0x09, 0xA5, 0x05, 0xC8, 0x03, 0x0B, 0xA1, 0x07,
    0xCA, 0x03, 0x0D, 0x9D, 0x09, 0xCC, 0x03, 0x0F, 0x97, 0x0D, 0xCE, 0x03, 0x13, 0x8F, 0x11, 0xD0,
    0x80, 0x80, 0x80, 0x80, 0x80, 0x80, 0x80, 0x80, 0x80, 0x80, 0x80, 0x80, 0x80, 0x80, 0x80, 0x80,
    0x80, 0x80,
};

// ASCII 100 'd'  52x100, advance 52
static const uint8_t Bubblegum50_lower_d[] PROGMEM = {
    0x01, 0x33, 0x80, 0x80, 0x80, 0x80, 0x80, 0x80, 0x80, 0x80, 0x80, 0x03, 0x09, 0x91, 0x17, 0x8A,
    0x03, 0x03, 0x9B, 0x13, 0x8C, 0x03, 0x03, 0x9F, 0x0F, 0x8E, 0x03, 0x03, 0xA1, 0x0D, 0x90, 0x03,
    0x03, 0xA3, 0x0B, 0x92, 0x92, 0x92, 0x03, 0x01, 0xA7, 0x09, 0x96, 0x03, 0x01, 0xA9, 0x07, 0x98,
    0x98, 0x98, 0x03, 0x01, 0xAB, 0x05, 0x9C, 0x03, 0x03, 0xA9, 0x05, 0x9E, 0x05, 0x03, 0x91, 0x01,
    0x95, 0x05, 0xA0, 0x05, 0x03, 0x91, 0x03, 0x95, 0x03, 0xA2, 0x05, 0x03, 0x91, 0x05, 0x93, 0x03,
    0xA4, 0xA4, 0xA4, 0xA4, 0xA4, 0xA4, 0xA4, 0xA4, 0xA4, 0xA4, 0xA4, 0xA2, 0xA2, 0xA2, 0xA2, 0x05,
    0x03, 0x91, 0x01, 0x97, 0x03, 0xB4, 0x9E, 0x9E, 0x9E, 0x9E, 0x9E, 0x9E, 0x03, 0x03, 0xA7, 0x07,
    0xBC, 0xBC, 0xBC, 0x03, 0x03, 0xA5, 0x09, 0xC0, 0xC0, 0xC0, 0x92, 0x92, 0x92, 0x92, 0x90, 0x90,
    0x8E, 0x8E, 0x03, 0x05, 0x9B, 0x11, 0xCC, 0x03, 0x07, 0x95, 0x15, 0xCE, 0x03, 0x0B, 0x8D, 0x19,
    0xD0, 0x80, 0x80, 0x80, 0x80, 0x80, 0x80, 0x80, 0x80, 0x80, 0x80, 0x80, 0x80, 0x80, 0x80, 0x80,
    0x80, 0x80, 0x80,
};

// ASCII 101 'e'  48x100, advance 48
static const uint8_t Bubblegum50_lower_e[] PROGMEM = {
    0x01, 0x2F, 0x80, 0x80, 0x80, 0x80, 0x80, 0x80, 0x80, 0x80, 0x80, 0x03, 0x15, 0x8F, 0x09, 0x8A,
    0x03, 0x07, 0x9F, 0x07, 0x8C, 0x8C, 0x8C, 0x03, 0x05, 0xA1, 0x07, 0x90, 0x90, 0x90, 0x90, 0x90,
    0x03, 0x03, 0xA1, 0x09, 0x96, 0x03, 0x03, 0x9F, 0x0B, 0x98, 0x03, 0x03, 0x97, 0x13, 0x9A, 0x9A,
    0x9A, 0x9A, 0x9A, 0x9A, 0x9A, 0x05, 0x03, 0x97, 0x01, 0x89, 0x07, 0xA2, 0x03, 0x03, 0xA5, 0x05,
    0xA4, 0x03, 0x03, 0xA7, 0x03, 0xA6, 0xA6, 0xA6, 0x03, 0x01, 0xA9, 0x03, 0xAA, 0x03, 0x01, 0xA7,
    0x05, 0xAC, 0xAC, 0xAC, 0x03, 0x01, 0xA5, 0x07, 0xB0, 0x03, 0x01, 0xA1, 0x0B, 0xB2, 0x03, 0x01,
    0x9B, 0x11, 0xB4, 0x03, 0x01, 0x99, 0x13, 0xB6, 0xB6, 0xB6, 0x03, 0x03, 0x99, 0x11, 0xBA, 0x96,
    0x96, 0x03, 0x03, 0xA3, 0x07, 0xBE, 0xBE, 0xBE, 0xBE, 0xBE, 0xBE, 0xBE, 0xBE, 0xBE, 0x03, 0x05,
    0x9F, 0x09, 0xC8, 0x03, 0x05, 0x9D, 0x0B, 0xCA, 0x03, 0x07, 0x99, 0x0D, 0xCC, 0x03, 0x09, 0x95,
    0x0F, 0xCE, 0x03, 0x0D, 0x8D, 0x13, 0xD0, 0x80, 0x80, 0x80, 0x80, 0x80, 0x80, 0x80, 0x80, 0x80,
    0x80, 0x80, 0x80, 0x80, 0x80, 0x80, 0x80, 0x80, 0x80,
};

// ASCII 102 'f'  46x100, advance 46
static const uint8_t Bubblegum50_lower_f[] PROGMEM = {
    0x01, 0x2D, 0x80, 0x80, 0x80, 0x80, 0x80, 0x80, 0x80, 0x80, 0x80, 0x03, 0x0D, 0x95, 0x09, 0x8A,
    0x03, 0x07, 0x9D, 0x07, 0x8C, 0x03, 0x05, 0xA1, 0x05, 0x8E, 0x03, 0x03, 0xA3, 0x05, 0x90, 0x90,
    0x90, 0x90, 0x90, 0x90, 0x90, 0x03, 0x03, 0xA1, 0x07, 0x98, 0x03, 0x01, 0xA1, 0x09, 0x9A, 0x03,
    0x01, 0x99, 0x11, 0x9C, 0x03, 0x01, 0x97, 0x13, 0x9E, 0x9E, 0x9E, 0x9E, 0x9E, 0x9A, 0x9A, 0x98,
    0x98, 0x90, 0x90, 0x03, 0x03, 0xA5, 0x03, 0xAA, 0xAA, 0xAA, 0xAA, 0xAA, 0xAA, 0xAA, 0x90, 0x90,
    0x98, 0x98, 0x03, 0x03, 0x9F, 0x09, 0xB6, 0x03, 0x03, 0x95, 0x13, 0xB8, 0xB8, 0xB8, 0xB8, 0xB8,
    0xB8, 0xB8, 0xB8, 0xB8, 0xB8, 0xB8, 0x03, 0x05, 0x93, 0x13, 0xC4, 0xC4, 0xC4, 0xC4, 0xC4, 0x03,
    0x07, 0x91, 0x13, 0xCA, 0xCA, 0xCA, 0x03, 0x09, 0x8F, 0x13, 0xCE, 0x03, 0x0D, 0x89, 0x15, 0xD0,
    0x80, 0x80, 0x80, 0x80, 0x80, 0x80, 0x80, 0x80, 0x80, 0x80, 0x80, 0x80, 0x80, 0x80, 0x80, 0x80,
    0x80, 0x80,
};

// ASCII 103 'g'  52x100, advance 52
static const uint8_t Bubblegum50_lower_g[] PROGMEM = {
    0x01, 0x33, 0x80, 0x80, 0x80, 0x80, 0x80, 0x80, 0x80, 0x80, 0x80, 0x03, 0x15, 0x8B, 0x11, 0x8A,
    0x03, 0x0F, 0x95, 0x0D, 0x8C, 0x03, 0x0D, 0x9B, 0x09, 0x8E, 0x03, 0x0B, 0x9F, 0x07, 0x90, 0x03,
    0x0B, 0xA1, 0x05, 0x92, 0x03, 0x09, 0xA3, 0x05, 0x94, 0x03, 0x07, 0xA7, 0x03, 0x96, 0x96, 0x96,
    0x03, 0x05, 0xA9, 0x03, 0x9A, 0x03, 0x05, 0xAB, 0x01, 0x9C, 0x9C, 0x9C, 0x05, 0x03, 0x97, 0x01,
    0x93, 0x01, 0xA0, 0x05, 0x03, 0x97, 0x01, 0x91, 0x03, 0xA2, 0x05, 0x03, 0x97, 0x03, 0x8F, 0x03,
    0xA4, 0x05, 0x03, 0x95, 0x05, 0x8D, 0x05, 0xA6, 0x05, 0x03, 0x95, 0x09, 0x85, 0x09, 0xA8, 0x03,
    0x01, 0x97, 0x19, 0xAA, 0xAA, 0xAA, 0x03, 0x01, 0x95, 0x1B, 0xAE, 0x05, 0x01, 0x95, 0x03, 0x91,
    0x05, 0xB0, 0x05, 0x01, 0x95, 0x01, 0x95, 0x03, 0xB2, 0xB2, 0xB2, 0xB2, 0xB2, 0x05, 0x03, 0x93,
    0x03, 0x93, 0x03, 0xB8, 0x05, 0x03, 0x93, 0x05, 0x91, 0x03, 0xBA, 0xB8, 0xB8, 0x03, 0x03, 0xAB,
    0x03, 0xBE, 0xBE, 0xBE, 0x03, 0x05, 0xA7, 0x05, 0xC2, 0xC2, 0xC2, 0x03, 0x07, 0xA3, 0x07, 0xC6,
    0xC6, 0xC6, 0x03, 0x09, 0x9F, 0x09, 0xCA, 0x03, 0x0B, 0x9B, 0x0B, 0xCC, 0x03, 0x0D, 0x97, 0x0D,
    0xCE, 0x03, 0x13, 0x8D, 0x11, 0xD0, 0x80, 0x80, 0x80, 0x80, 0x80, 0x80, 0x80, 0x80, 0x80, 0x80,
    0x80, 0x80, 0x80, 0x80, 0x80, 0x80, 0x80, 0x80,
};

// ASCII 104 'h'  58x100, advance 58
static const uint8_t Bubblegum50_lower_h[] PROGMEM = {
    0x01, 0x39, 0x80, 0x80, 0x80, 0x80, 0x80, 0x80, 0x80, 0x80, 0x80, 0x03, 0x25, 0x89, 0x09, 0x8A,
    0x05, 0x09, 0x8B, 0x0D, 0x8D, 0x07, 0x8C, 0x05, 0x07, 0x8F, 0x09, 0x91, 0x05, 0x8E, 0x05, 0x05,
    0x93, 0x05, 0x93, 0x05, 0x90, 0x05, 0x03, 0x95, 0x05, 0x95, 0x03, 0x92, 0x92, 0x92, 0x92, 0x92,
    0x92, 0x92, 0x05, 0x01, 0x97, 0x05, 0x95, 0x03, 0x9A, 0x9A, 0x9A, 0x9A, 0x9A, 0x9A, 0x9A, 0x9A,
    0x9A, 0x05, 0x01, 0x97, 0x03, 0x97, 0x03, 0xA4, 0x03, 0x01, 0xB3, 0x03, 0xA6, 0xA6, 0xA6, 0x03,
    0x01, 0xB5, 0x01, 0xAA, 0xAA, 0xAA, 0xA6, 0xA6, 0xA6, 0xA6, 0xA6, 0xA6, 0xA6, 0xA6, 0xA6, 0xA6,
    0xA6, 0xA6, 0xA6, 0xA6, 0x9A, 0x9A, 0x05, 0x01, 0x95, 0x07, 0x95, 0x03, 0xBE, 0x05, 0x03, 0x93,
    0x07, 0x93, 0x05, 0xC0, 0xC0, 0xC0, 0xC0, 0xC0, 0xC0, 0xC0, 0x05, 0x05, 0x91, 0x07, 0x93, 0x05,
    0xC8, 0x05, 0x05, 0x93, 0x05, 0x91, 0x07, 0xCA, 0x05, 0x05, 0x91, 0x07, 0x91, 0x07, 0xCC, 0x05,
    0x07, 0x8F, 0x09, 0x8D, 0x09, 0xCE, 0x05, 0x09, 0x8B, 0x0D, 0x89, 0x0B, 0xD0, 0x80, 0x80, 0x80,
    0x80, 0x80, 0x80, 0x80, 0x80, 0x80, 0x80, 0x80, 0x80, 0x80, 0x80, 0x80, 0x80, 0x80, 0x80,
};

// ASCII 105 'i'  34x100, advance 34
static const uint8_t Bubblegum50_lower_i[] PROGMEM = {
    0x01, 0x21, 0x80, 0x80, 0x80, 0x80, 0x80, 0x80, 0x80, 0x80, 0x80, 0x80, 0x80, 0x03, 0x0F, 0x89,
    0x07, 0x8C, 0x03, 0x0B, 0x8F, 0x05, 0x8E, 0x03, 0x09, 0x91, 0x05, 0x90, 0x03, 0x07, 0x93, 0x05,
    0x92, 0x92, 0x92, 0x03, 0x05, 0x95, 0x05, 0x96, 0x96, 0x96, 0x96, 0x96, 0x03, 0x03, 0x97, 0x05,
    0x9C, 0x03, 0x03, 0x99, 0x03, 0x9E, 0x9E, 0x9E, 0x9E, 0x9E, 0x9E, 0x9E, 0x9E, 0x9E, 0x9E, 0x9E,
    0x9E, 0x9E, 0x9E, 0x9E, 0x9E, 0x9E, 0x9E, 0x9E, 0x9C, 0x9C, 0x9C, 0x9C, 0x9C, 0x9C, 0x9C, 0x9C,
    0x9C, 0x9C, 0x9C, 0x9C, 0x9C, 0x9C, 0x9C, 0x9C, 0x9C, 0x9C, 0x9C, 0x9C, 0x03, 0x05, 0x93, 0x07,
    0xC6, 0xC6, 0xC6, 0xC6, 0xC6, 0x03, 0x05, 0x91, 0x09, 0xCC, 0x03, 0x07, 0x8F, 0x09, 0xCE, 0x03,
    0x09, 0x89, 0x0D, 0xD0, 0x80, 0x80, 0x80, 0x80, 0x80, 0x80, 0x80, 0x80, 0x80, 0x80, 0x80, 0x80,
    0x80, 0x80, 0x80, 0x80, 0x80, 0x80,
};

// ASCII 106 'j'  46x100, advance 46
static const uint8_t Bubblegum50_lower_j[] PROGMEM = {
    0x01, 0x2D, 0x80, 0x80, 0x80, 0x80, 0x80, 0x80, 0x80, 0x80, 0x80, 0x80, 0x80, 0x03, 0x1B, 0x87,
    0x09, 0x8C, 0x03, 0x17, 0x8D, 0x07, 0x8E, 0x03, 0x15, 0x91, 0x05, 0x90, 0x03, 0x13, 0x93, 0x05,
    0x92, 0x92, 0x92, 0x03, 0x13, 0x95, 0x03, 0x96, 0x96, 0x96, 0x96, 0x96, 0x96, 0x96, 0x03, 0x15,
    0x93, 0x03, 0x9E, 0x9E, 0x9E, 0x9E, 0x9E, 0x9E, 0x9E, 0x9E, 0x9E, 0x03, 0x15, 0x95, 0x01, 0xA8,
    0xA8, 0xA8, 0xA8, 0xA8, 0x03, 0x17, 0x93, 0x01, 0xAE, 0x05, 0x0B, 0x81, 0x09, 0x93, 0x01, 0xB0,
    0x05, 0x07, 0x87, 0x07, 0x93, 0x01, 0xB2, 0x05, 0x05, 0x89, 0x07, 0x93, 0x01, 0xB4, 0x05, 0x03,
    0x8D, 0x05, 0x93, 0x01, 0xB6, 0x05, 0x03, 0x8D, 0x03, 0x95, 0x01, 0xB8, 0x03, 0x01, 0xA9, 0x01,
    0xBA, 0xBA, 0xBA, 0xBA, 0xBA, 0xBA, 0xBA, 0x03, 0x01, 0xA7, 0x03, 0xC2, 0x03, 0x03, 0xA5, 0x03,
    0xC4, 0xC4, 0xC4, 0x03, 0x05, 0xA1, 0x05, 0xC8, 0xC8, 0xC8, 0x03, 0x07, 0x9D, 0x07, 0xCC, 0x03,
    0x09, 0x99, 0x09, 0xCE, 0x03, 0x0F, 0x8F, 0x0D, 0xD0, 0x80, 0x80, 0x80, 0x80, 0x80, 0x80, 0x80,
    0x80, 0x80, 0x80, 0x80, 0x80, 0x80, 0x80, 0x80, 0x80, 0x80, 0x80,
};

// ASCII 107 'k'  60x100, advance 60
static const uint8_t Bubblegum50_lower_k[] PROGMEM = {
    0x01, 0x3B, 0x80, 0x80, 0x80, 0x80, 0x80, 0x80, 0x80, 0x80, 0x80, 0x05, 0x0B, 0x89, 0x0F, 0x89,
    0x0B, 0x8A, 0x05, 0x09, 0x8F, 0x09, 0x8F, 0x07, 0x8C, 0x05, 0x07, 0x91, 0x07, 0x93, 0x05, 0x8E,
    0x05, 0x07, 0x93, 0x05, 0x93, 0x05, 0x90, 0x05, 0x05, 0x95, 0x03, 0x97, 0x03, 0x92, 0x92, 0x92,
    0x05, 0x05, 0x95, 0x01, 0x99, 0x03, 0x96, 0x05, 0x05, 0x93, 0x03, 0x99, 0x03, 0x98, 0x05, 0x03,
    0x95, 0x03, 0x97, 0x05, 0x9A, 0x05, 0x03, 0x95, 0x01, 0x99, 0x05, 0x9C, 0x9C, 0x9C, 0x03, 0x03,
    0xAF, 0x07, 0xA0, 0xA0, 0xA0, 0x03, 0x03, 0xAD, 0x09, 0xA4, 0x03, 0x03, 0xAB, 0x0B, 0xA6, 0xA6,
    0xA6, 0x03, 0x03, 0xA9, 0x0D, 0xAA, 0x03, 0x03, 0xA7, 0x0F, 0xAC, 0xAC, 0xAC, 0xAA, 0xAA, 0x03,
    0x01, 0xAB, 0x0D, 0xB2, 0x03, 0x01, 0xAD, 0x0B, 0xB4, 0xA6, 0xA6, 0xA4, 0xA4, 0xA4, 0xA4, 0x05,
    0x03, 0x95, 0x01, 0x97, 0x07, 0xBC, 0x05, 0x03, 0x95, 0x03, 0x95, 0x07, 0xBE, 0x9A, 0x9A, 0x05,
    0x03, 0x95, 0x05, 0x95, 0x05, 0xC2, 0x05, 0x03, 0x97, 0x03, 0x95, 0x05, 0xC4, 0x05, 0x03, 0x95,
    0x07, 0x93, 0x05, 0xC6, 0x05, 0x05, 0x93, 0x07, 0x93, 0x05, 0xC8, 0x05, 0x05, 0x93, 0x09, 0x91,
    0x05, 0xCA, 0x05, 0x05, 0x93, 0x0B, 0x8D, 0x07, 0xCC, 0x05, 0x07, 0x8F, 0x0F, 0x8B, 0x07, 0xCE,
    0x05, 0x0B, 0x89, 0x13, 0x85, 0x0B, 0xD0, 0x80, 0x80, 0x80, 0x80, 0x80, 0x80, 0x80, 0x80, 0x80,
    0x80, 0x80, 0x80, 0x80, 0x80, 0x80, 0x80, 0x80, 0x80,
};

// ASCII 108 'l'  44x100, advance 44
static const uint8_t Bubblegum50_lower_l[] PROGMEM = {
    0x01, 0x2B, 0x80, 0x80, 0x80, 0x80, 0x80, 0x80, 0x80, 0x80, 0x80, 0x03, 0x09, 0x8B, 0x15, 0x8A,
    0x03, 0x07, 0x8F, 0x13, 0x8C, 0x03, 0x05, 0x91, 0x13, 0x8E, 0x03, 0x03, 0x93, 0x13, 0x90, 0x03,
    0x03, 0x95, 0x11, 0x92, 0x92, 0x92, 0x92, 0x92, 0x92, 0x92, 0x92, 0x92, 0x03, 0x01, 0x97, 0x11,
    0x9C, 0x9C, 0x9C, 0x9C, 0x9C, 0x9C, 0x9C, 0x9C, 0x9C, 0x9C, 0x9C, 0x9C, 0x9C, 0x9C, 0x9C, 0x9C,
    0x9C, 0x9C, 0x9C, 0x9C, 0x9C, 0x9C, 0x9C, 0x9C, 0x9C, 0x03, 0x01, 0x95, 0x13, 0xB6, 0xB6, 0xB6,
    0x03, 0x01, 0xA1, 0x07, 0xBA, 0x03, 0x01, 0xA3, 0x05, 0xBC, 0x03, 0x01, 0xA5, 0x03, 0xBE, 0xBE,
    0xBE, 0xBE, 0xBE, 0x03, 0x03, 0xA3, 0x03, 0xC4, 0xC4, 0xC4, 0xC4, 0xC4, 0x03, 0x05, 0x9F, 0x05,
    0xCA, 0x03, 0x07, 0x9B, 0x07, 0xCC, 0x03, 0x09, 0x97, 0x09, 0xCE, 0x03, 0x0D, 0x8F, 0x0D, 0xD0,
    0x80, 0x80, 0x80, 0x80, 0x80, 0x80, 0x80, 0x80, 0x80, 0x80, 0x80, 0x80, 0x80, 0x80, 0x80, 0x80,
    0x80, 0x80,
};

// ASCII 109 'm'  72x100, advance 72
static const uint8_t Bubblegum50_lower_m[] PROGMEM = {
    0x01, 0x47, 0x80, 0x80, 0x80, 0x80, 0x80, 0x80, 0x80, 0x80, 0x80, 0x03, 0x2F, 0x89, 0x0D, 0x8A,
    0x05, 0x0F, 0x87, 0x13, 0x91, 0x09, 0x8C, 0x05, 0x0B, 0x8D, 0x0F, 0x95, 0x07, 0x8E, 0x05, 0x09,
    0x91, 0x0D, 0x95, 0x07, 0x90, 0x05, 0x07, 0x95, 0x09, 0x99, 0x05, 0x92, 0x05, 0x05, 0x99, 0x07,
    0x99, 0x05, 0x94, 0x05, 0x05, 0x99, 0x05, 0x9B, 0x05, 0x96, 0x05, 0x05, 0x9B, 0x03, 0x9D, 0x03,
    0x98, 0x05, 0x03, 0x9D, 0x03, 0x9D, 0x03, 0x9A, 0x9A, 0x9A, 0x03, 0x03, 0xBF, 0x03, 0x9E, 0x9E,
    0x9E, 0x9E, 0x9E, 0x9E, 0x9E, 0x9E, 0x9E, 0x9E, 0x9E, 0x9E, 0x9E, 0x9E, 0x9E, 0x9E, 0x9E, 0x9E,
    0x9E, 0x9E, 0x9E, 0x9E, 0x9E, 0x05, 0x03, 0xA9, 0x01, 0x93, 0x03, 0xB6, 0x07, 0x03, 0x95, 0x01,
    0x91, 0x01, 0x93, 0x03, 0xB8, 0xB8, 0xB8, 0x07, 0x03, 0x95, 0x01, 0x8F, 0x03, 0x93, 0x03, 0xBC,
    0x07, 0x03, 0x95, 0x03, 0x8D, 0x03, 0x93, 0x03, 0xBE, 0x07, 0x03, 0x95, 0x03, 0x8B, 0x05, 0x93,
    0x03, 0xC0, 0x07, 0x03, 0x95, 0x05, 0x89, 0x03, 0x95, 0x03, 0xC2, 0x07, 0x03, 0x95, 0x05, 0x87,
    0x05, 0x95, 0x03, 0xC4, 0x05, 0x05, 0x93, 0x13, 0x95, 0x03, 0xC6, 0x05, 0x05, 0x93, 0x15, 0x93,
    0x03, 0xC8, 0x05, 0x07, 0x8F, 0x17, 0x93, 0x03, 0xCA, 0x05, 0x07, 0x8F, 0x17, 0x91, 0x05, 0xCC,
    0x05, 0x0B, 0x89, 0x1B, 0x8F, 0x05, 0xCE, 0x03, 0x33, 0x87, 0x0B, 0xD0, 0x80, 0x80, 0x80, 0x80,
    0x80, 0x80, 0x80, 0x80, 0x80, 0x80, 0x80, 0x80, 0x80, 0x80, 0x80, 0x80, 0x80, 0x80,
};

// ASCII 110 'n'  62x100, advance 62
static const uint8_t Bubblegum50_lower_n[] PROGMEM = {
    0x01, 0x3D, 0x80, 0x80, 0x80, 0x80, 0x80, 0x80, 0x80, 0x80, 0x80, 0x03, 0x27, 0x87, 0x0D, 0x8A,
    0x05, 0x0F, 0x83, 0x0F, 0x8F, 0x09, 0x8C, 0x05, 0x0B, 0x8B, 0x0B, 0x91, 0x07, 0x8E, 0x05, 0x09,
    0x8F, 0x07, 0x93, 0x07, 0x90, 0x05, 0x07, 0x93, 0x05, 0x93, 0x07, 0x92, 0x05, 0x05, 0x95, 0x05,
    0x95, 0x05, 0x94, 0x05, 0x05, 0x97, 0x03, 0x95, 0x05, 0x96, 0x96, 0x96, 0x05, 0x03, 0x9B, 0x01,
    0x95, 0x05, 0x9A, 0x9A, 0x9A, 0x03, 0x03, 0xB3, 0x05, 0x9E, 0x05, 0x03, 0x9D, 0x01, 0x93, 0x05,
    0xA0, 0xA0, 0xA0, 0x9E, 0x9E, 0x9E, 0x9E, 0x9E, 0x9E, 0x9E, 0x9E, 0x9E, 0x9E, 0x9E, 0x9E, 0x9E,
    0x9E, 0x9E, 0x9E, 0x9E, 0x9E, 0x9E, 0x9E, 0x9E, 0x9E, 0x05, 0x03, 0x95, 0x01, 0x9B, 0x05, 0xBA,
    0xBA, 0xBA, 0xBA, 0xBA, 0x05, 0x03, 0x95, 0x03, 0x99, 0x05, 0xC0, 0xC0, 0xC0, 0xC0, 0xC0, 0x05,
    0x03, 0x95, 0x05, 0x95, 0x07, 0xC6, 0x05, 0x05, 0x93, 0x05, 0x95, 0x07, 0xC8, 0x05, 0x05, 0x91,
    0x09, 0x93, 0x07, 0xCA, 0x05, 0x07, 0x8F, 0x09, 0x91, 0x09, 0xCC, 0x05, 0x07, 0x8D, 0x0D, 0x8D,
    0x0B, 0xCE, 0x05, 0x0B, 0x87, 0x11, 0x89, 0x0D, 0xD0, 0x80, 0x80, 0x80, 0x80, 0x80, 0x80, 0x80,
    0x80, 0x80, 0x80, 0x80, 0x80, 0x80, 0x80, 0x80, 0x80, 0x80, 0x80,
};

// ASCII 111 'o'  60x100, advance 60
static const uint8_t Bubblegum50_lower_o[] PROGMEM = {
    0x01, 0x3B, 0x80, 0x80, 0x80, 0x80, 0x80, 0x80, 0x80, 0x80, 0x80, 0x03, 0x15, 0x8B, 0x19, 0x8A,
    0x03, 0x11, 0x93, 0x15, 0x8C, 0x03, 0x0D, 0x9B, 0x11, 0x8E, 0x03, 0x0B, 0x9F, 0x0F, 0x90, 0x03,
    0x0B, 0xA1, 0x0D, 0x92, 0x03, 0x09, 0xA5, 0x0B, 0x94, 0x03, 0x07, 0xA9, 0x09, 0x96, 0x96, 0x96,
    0x03, 0x05, 0xAD, 0x07, 0x9A, 0x9A, 0x9A, 0x9A, 0x9A, 0x03, 0x03, 0xAF, 0x07, 0xA0, 0x03, 0x03,
    0xB1, 0x05, 0xA2, 0x05, 0x03, 0x97, 0x03, 0x95, 0x05, 0xA4, 0x05, 0x03, 0x95, 0x05, 0x95, 0x05,
    0xA6, 0xA6, 0xA6, 0x05, 0x01, 0x97, 0x07, 0x95, 0x03, 0xAA, 0xAA, 0xAA, 0xAA, 0xAA, 0xAA, 0xAA,
    0xAA, 0xAA, 0xAA, 0xAA, 0x05, 0x03, 0x95, 0x07, 0x95, 0x03, 0xB6, 0x05, 0x03, 0x95, 0x05, 0x97,
    0x03, 0xB8, 0x05, 0x03, 0x97, 0x03, 0x97, 0x03, 0xBA, 0xA2, 0xA2, 0x03, 0x05, 0xAF, 0x05, 0xBE,
    0xBE, 0xBE, 0xBE, 0xBE, 0x03, 0x07, 0xAB, 0x07, 0xC4, 0x03, 0x09, 0xA9, 0x07, 0xC6, 0x03, 0x09,
    0xA7, 0x09, 0xC8, 0x03, 0x0B, 0xA3, 0x0B, 0xCA, 0x03, 0x0F, 0x9D, 0x0D, 0xCC, 0x03, 0x11, 0x99,
    0x0F, 0xCE, 0x03, 0x17, 0x8D, 0x15, 0xD0, 0x80, 0x80, 0x80, 0x80, 0x80, 0x80, 0x80, 0x80, 0x80,
    0x80, 0x80, 0x80, 0x80, 0x80, 0x80, 0x80, 0x80, 0x80,
};

// ASCII 112 'p'  54x100, advance 52
static const uint8_t Bubblegum50_lower_p[] PROGMEM = {
    0x01, 0x35, 0x80, 0x80, 0x80, 0x80, 0x80, 0x80, 0x80, 0x80, 0x80, 0x03, 0x0D, 0x93, 0x13, 0x8A,
    0x03, 0x07, 0x9D, 0x0F, 0x8C, 0x03, 0x05, 0xA3, 0x0B, 0x8E, 0x03, 0x03, 0xA7, 0x09, 0x90, 0x03,
    0x03, 0xA9, 0x07, 0x92, 0x03, 0x03, 0xAB, 0x05, 0x94, 0x94, 0x94, 0x03, 0x01, 0xAF, 0x03, 0x98,
    0x98, 0x98, 0x05, 0x01, 0x95, 0x05, 0x95, 0x01, 0x9C, 0x05, 0x01, 0x95, 0x07, 0x93, 0x01, 0x9E,
    0x9E, 0x9E, 0x9E, 0x9E, 0x9C, 0x9C, 0x05, 0x01, 0x95, 0x03, 0x97, 0x01, 0xA6, 0xA6, 0xA6, 0x03,
    0x01, 0xB1, 0x01, 0xAA, 0x98, 0x98, 0x98, 0x98, 0x03, 0x01, 0xAD, 0x05, 0xB0, 0xB0, 0xB0, 0x03,
    0x01, 0xAB, 0x07, 0xB4, 0x03, 0x01, 0xA9, 0x09, 0xB6, 0x03, 0x01, 0xA5, 0x0D, 0xB8, 0x03, 0x01,
    0x9F, 0x13, 0xBA, 0x03, 0x01, 0x97, 0x1B, 0xBC, 0xBC, 0xBC, 0x03, 0x03, 0x97, 0x19, 0xC0, 0xC0,
    0xC0, 0xC0, 0xC0, 0xC0, 0xC0, 0xC0, 0xC0, 0xC0, 0xC0, 0x03, 0x05, 0x93, 0x1B, 0xCC, 0x03, 0x07,
    0x8F, 0x1D, 0xCE, 0x03, 0x09, 0x8B, 0x1F, 0xD0, 0x80, 0x80, 0x80, 0x80, 0x80, 0x80, 0x80, 0x80,
    0x80, 0x80, 0x80, 0x80, 0x80, 0x80, 0x80, 0x80, 0x80, 0x80,
};

// ASCII 113 'q'  60x100, advance 60
static const uint8_t Bubblegum50_lower_q[] PROGMEM = {
    0x01, 0x3B, 0x80, 0x80, 0x80, 0x80, 0x80, 0x80, 0x80, 0x80, 0x80, 0x03, 0x13, 0x8B, 0x1B, 0x8A,
    0x03, 0x0F, 0x95, 0x15, 0x8C, 0x03, 0x0D, 0x99, 0x13, 0x8E, 0x03, 0x0B, 0x9D, 0x11, 0x90, 0x03,
    0x09, 0xA1, 0x0F, 0x92, 0x03, 0x07, 0xA5, 0x0D, 0x94, 0x03, 0x07, 0xA7, 0x0B, 0x96, 0x03, 0x05,
    0xA9, 0x0B, 0x98, 0x03, 0x05, 0xAB, 0x09, 0x9A, 0x9A, 0x9A, 0x03, 0x03, 0xAF, 0x07, 0x9E, 0x9E,
    0x9E, 0x9E, 0x9E, 0x9E, 0x9E, 0x05, 0x03, 0x95, 0x01, 0x99, 0x05, 0xA6, 0x05, 0x01, 0x95, 0x03,
    0x99, 0x05, 0xA8, 0xA8, 0xA8, 0x05, 0x01, 0x95, 0x05, 0x97, 0x05, 0xAC, 0xAC, 0xAC, 0xAC, 0xAC,
    0xAC, 0xAC, 0xAC, 0xAC, 0xAC, 0xAC, 0x05, 0x01, 0x95, 0x05, 0x95, 0x07, 0xB8, 0x05, 0x03, 0x93,
    0x01, 0x99, 0x07, 0xBA, 0xBA, 0xBA, 0x9E, 0x9E, 0x9E, 0x9E, 0x9A, 0x9A, 0x9A, 0x9A, 0x03, 0x05,
    0xAD, 0x07, 0xC6, 0x03, 0x07, 0xAD, 0x05, 0xC8, 0x03, 0x09, 0xAB, 0x05, 0xCA, 0x03, 0x0B, 0xAB,
    0x03, 0xCC, 0x03, 0x0D, 0xA9, 0x03, 0xCE, 0x03, 0x11, 0xA5, 0x03, 0xD0, 0x03, 0x21, 0x93, 0x05,
    0xD2, 0x03, 0x23, 0x91, 0x05, 0xD4, 0x03, 0x27, 0x89, 0x09, 0xD6, 0x80, 0x80, 0x80, 0x80, 0x80,
    0x80, 0x80, 0x80, 0x80, 0x80, 0x80, 0x80,
};

// ASCII 114 'r'  58x100, advance 58
static const uint8_t Bubblegum50_lower_r[] PROGMEM = {
    0x01, 0x39, 0x80, 0x80, 0x80, 0x80, 0x80, 0x80, 0x80, 0x80, 0x80, 0x03, 0x15, 0x8F, 0x13, 0x8A,
    0x03, 0x0D, 0x9B, 0x0F, 0x8C, 0x03, 0x09, 0xA3, 0x0B, 0x8E, 0x03, 0x07, 0xA7, 0x09, 0x90, 0x03,
    0x05, 0xAB, 0x07, 0x92, 0x92, 0x92, 0x92, 0x92, 0x03, 0x03, 0xAF, 0x05, 0x98, 0x98, 0x98, 0x98,
    0x98, 0x05, 0x03, 0x95, 0x01, 0x97, 0x05, 0x9E, 0x05, 0x03, 0x93, 0x05, 0x97, 0x03, 0xA0, 0x05,
    0x03, 0x93, 0x07, 0x95, 0x03, 0xA2, 0xA2, 0xA2, 0x05, 0x03, 0x93, 0x07, 0x93, 0x05, 0xA6, 0xA6,
    0xA6, 0x05, 0x03, 0x93, 0x03, 0x97, 0x05, 0xAA, 0x03, 0x03, 0xAD, 0x07, 0xAC, 0xAC, 0xAC, 0x03,
    0x03, 0xAB, 0x09, 0xB0, 0x03, 0x03, 0xA9, 0x0B, 0xB2, 0x03, 0x03, 0xA7, 0x0D, 0xB4, 0xB2, 0xB2,
    0xB0, 0xB0, 0x03, 0x01, 0xAF, 0x07, 0xBA, 0xBA, 0xBA, 0x03, 0x01, 0xB1, 0x05, 0xBE, 0x98, 0x98,
    0x03, 0x03, 0xB1, 0x03, 0xC2, 0x05, 0x03, 0x95, 0x01, 0x99, 0x03, 0xC4, 0xC4, 0xC4, 0x05, 0x03,
    0x95, 0x03, 0x97, 0x03, 0xC8, 0x05, 0x03, 0x95, 0x05, 0x93, 0x05, 0xCA, 0x05, 0x03, 0x95, 0x05,
    0x91, 0x07, 0xCC, 0x05, 0x05, 0x91, 0x09, 0x8D, 0x09, 0xCE, 0x05, 0x09, 0x89, 0x11, 0x87, 0x0B,
    0xD0, 0x80, 0x80, 0x80, 0x80, 0x80, 0x80, 0x80, 0x80, 0x80, 0x80, 0x80, 0x80, 0x80, 0x80, 0x80,
    0x80, 0x80, 0x80,
};

// ASCII 115 's'  52x100, advance 52
static const uint8_t Bubblegum50_lower_s[] PROGMEM = {
    0x01, 0x33, 0x80, 0x80, 0x80, 0x80, 0x80, 0x80, 0x80, 0x80, 0x80, 0x03, 0x13, 0x8D, 0x11, 0x8A,
    0x03, 0x0F, 0x95, 0x0D, 0x8C, 0x03, 0x0B, 0x9B, 0x0B, 0x8E, 0x03, 0x09, 0x9F, 0x09, 0x90, 0x03,
    0x07, 0xA3, 0x07, 0x92, 0x03, 0x05, 0xA5, 0x07, 0x94, 0x03, 0x03, 0xA9, 0x05, 0x96, 0x96, 0x96,
    0x05, 0x03, 0x95, 0x03, 0x8D, 0x07, 0x9A, 0x05, 0x01, 0x97, 0x05, 0x8B, 0x07, 0x9C, 0x05, 0x01,
    0x97, 0x05, 0x89, 0x09, 0x9E, 0x03, 0x01, 0x97, 0x19, 0xA0, 0x03, 0x01, 0x99, 0x17, 0xA2, 0x03,
    0x03, 0x99, 0x15, 0xA4, 0x03, 0x03, 0x9D, 0x11, 0xA6, 0x03, 0x03, 0x9F, 0x0F, 0xA8, 0x03, 0x05,
    0xA1, 0x0B, 0xAA, 0x03, 0x05, 0xA3, 0x09, 0xAC, 0x92, 0x92, 0x92, 0x92, 0x03, 0x09, 0xA3, 0x05,
    0xB2, 0x03, 0x0D, 0x9F, 0x05, 0xB4, 0x03, 0x0F, 0x9F, 0x03, 0xB6, 0x03, 0x13, 0x9B, 0x03, 0xB8,
    0x03, 0x15, 0x99, 0x03, 0xBA, 0x05, 0x03, 0x87, 0x09, 0x99, 0x03, 0xBC, 0x05, 0x03, 0x8B, 0x03,
    0x9B, 0x03, 0xBE, 0x03, 0x01, 0xAD, 0x03, 0xC0, 0xC0, 0xC0, 0x96, 0x96, 0x96, 0x96, 0x03, 0x03,
    0xA7, 0x07, 0xC8, 0xAC, 0xAC, 0x03, 0x07, 0x9F, 0x0B, 0xCC, 0x03, 0x0B, 0x97, 0x0F, 0xCE, 0x03,
    0x11, 0x8B, 0x15, 0xD0, 0x80, 0x80, 0x80, 0x80, 0x80, 0x80, 0x80, 0x80, 0x80, 0x80, 0x80, 0x80,
    0x80, 0x80, 0x80, 0x80, 0x80, 0x80,
};

// ASCII 116 't'  56x100, advance 56
static const uint8_t Bubblegum50_lower_t[] PROGMEM = {
    0x01, 0x37, 0x80, 0x80, 0x80, 0x80, 0x80, 0x80, 0x80, 0x80, 0x80, 0x03, 0x0F, 0x93, 0x13, 0x8A,
    0x03, 0x09, 0x9F, 0x0D, 0x8C, 0x03, 0x05, 0xA9, 0x07, 0x8E, 0x03, 0x03, 0xAD, 0x05, 0x90, 0x03,
    0x01, 0xB1, 0x03, 0x92, 0x92, 0x92, 0x92, 0x92, 0x92, 0x92, 0x92, 0x92, 0x03, 0x03, 0xAF, 0x03,
    0x9C, 0x9C, 0x9C, 0x03, 0x07, 0xA9, 0x05, 0xA0, 0x03, 0x0F, 0x99, 0x0D, 0xA2, 0x8A, 0x8A, 0x8A,
    0x8A, 0x03, 0x0F, 0x95, 0x11, 0xA8, 0xA8, 0xA8, 0xA8, 0xA8, 0xA8, 0xA8, 0xA8, 0xA8, 0xA8, 0xA8,
    0xA8, 0xA8, 0xA8, 0xA8, 0x03, 0x0F, 0x97, 0x0F, 0xB8, 0xB8, 0xB8, 0x03, 0x0D, 0x99, 0x0F, 0xBC,
    0xBC, 0xBC, 0xBC, 0xBC, 0xBC, 0xBC, 0xA8, 0xA8, 0xA8, 0xA8, 0xA8, 0xA8, 0xA8, 0xA8, 0x03, 0x11,
    0x91, 0x13, 0xCC, 0x03, 0x13, 0x8F, 0x13, 0xCE, 0x03, 0x17, 0x87, 0x17, 0xD0, 0x80, 0x80, 0x80,
    0x80, 0x80, 0x80, 0x80, 0x80, 0x80, 0x80, 0x80, 0x80, 0x80, 0x80, 0x80, 0x80, 0x80, 0x80,
};

// ASCII 117 'u'  62x100, advance 62
static const uint8_t Bubblegum50_lower_u[] PROGMEM = {
    0x01, 0x3D, 0x80, 0x80, 0x80, 0x80, 0x80, 0x80, 0x80, 0x80, 0x80, 0x03, 0x29, 0x85, 0x0D, 0x8A,
    0x05, 0x0D, 0x87, 0x11, 0x8B, 0x09, 0x8C, 0x05, 0x09, 0x8D, 0x0D, 0x8F, 0x07, 0x8E, 0x05, 0x07,
    0x91, 0x09, 0x93, 0x05, 0x90, 0x05, 0x05, 0x93, 0x09, 0x93, 0x05, 0x92, 0x05, 0x05, 0x95, 0x07,
    0x95, 0x03, 0x94, 0x94, 0x94, 0x94, 0x94, 0x05, 0x03, 0x95, 0x09, 0x95, 0x03, 0x9A, 0x9A, 0x9A,
    0x05, 0x03, 0x95, 0x07, 0x97, 0x03, 0x9E, 0x9E, 0x9E, 0x9E, 0x9E, 0x9E, 0x9E, 0x05, 0x03, 0x93,
    0x09, 0x97, 0x03, 0xA6, 0xA6, 0xA6, 0x05, 0x01, 0x95, 0x09, 0x95, 0x05, 0xAA, 0xAA, 0xAA, 0xAA,
    0xAA, 0xAA, 0xAA, 0xAA, 0xAA, 0x05, 0x03, 0x93, 0x07, 0x97, 0x05, 0xB4, 0x05, 0x03, 0x95, 0x05,
    0x95, 0x07, 0xB6, 0x03, 0x03, 0xB1, 0x07, 0xB8, 0xB8, 0xB8, 0xB8, 0xB8, 0x03, 0x03, 0xAF, 0x09,
    0xBE, 0xBE, 0xBE, 0x03, 0x05, 0xAD, 0x09, 0xC2, 0x03, 0x05, 0xAB, 0x0B, 0xC4, 0x03, 0x07, 0xA9,
    0x0B, 0xC6, 0x03, 0x09, 0xA5, 0x0D, 0xC8, 0x03, 0x0B, 0xA1, 0x0F, 0xCA, 0x03, 0x0D, 0x9F, 0x0F,
    0xCC, 0x03, 0x0F, 0x99, 0x13, 0xCE, 0x03, 0x15, 0x91, 0x15, 0xD0, 0x80, 0x80, 0x80, 0x80, 0x80,
    0x80, 0x80, 0x80, 0x80, 0x80, 0x80, 0x80, 0x80, 0x80, 0x80, 0x80, 0x80, 0x80,
};

// ASCII 118 'v'  62x100, advance 62
static const uint8_t Bubblegum50_lower_v[] PROGMEM = {
    0x01, 0x3D, 0x80, 0x80, 0x80, 0x80, 0x80, 0x80, 0x80, 0x80, 0x80, 0x03, 0x25, 0x8B, 0x0B, 0x8A,
    0x05, 0x0D, 0x81, 0x13, 0x91, 0x07, 0x8C, 0x05, 0x07, 0x8D, 0x0B, 0x95, 0x05, 0x8E, 0x05, 0x05,
    0x8F, 0x09, 0x97, 0x05, 0x90, 0x05, 0x03, 0x93, 0x07, 0x99, 0x03, 0x92, 0x92, 0x92, 0x05, 0x01,
    0x97, 0x05, 0x99, 0x03, 0x96, 0x05, 0x01, 0x97, 0x03, 0x9B, 0x03, 0x98, 0x98, 0x98, 0x98, 0x98,
    0x98, 0x98, 0x05, 0x01, 0x97, 0x03, 0x99, 0x05, 0xA0, 0x05, 0x01, 0x99, 0x01, 0x99, 0x05, 0xA2,
    0xA2, 0xA2, 0xA2, 0xA2, 0x03, 0x01, 0xB3, 0x07, 0xA8, 0x03, 0x03, 0xB1, 0x07, 0xAA, 0xAA, 0xAA,
    0xAA, 0xAA, 0x03, 0x03, 0xAF, 0x09, 0xB0, 0xB0, 0xB0, 0x03, 0x05, 0xAB, 0x0B, 0xB4, 0xB4, 0xB4,
    0xB4, 0xB4, 0x03, 0x05, 0xA9, 0x0D, 0xBA, 0x03, 0x07, 0xA7, 0x0D, 0xBC, 0xBC, 0xBC, 0x03, 0x09,
    0xA3, 0x0F, 0xC0, 0xC0, 0xC0, 0x03, 0x09, 0xA1, 0x11, 0xC4, 0x03, 0x0B, 0x9F, 0x11, 0xC6, 0x03,
    0x0D, 0x9B, 0x13, 0xC8, 0xC8, 0xC8, 0x03, 0x0F, 0x97, 0x15, 0xCC, 0x03, 0x11, 0x93, 0x17, 0xCE,
    0x03, 0x15, 0x8B, 0x1B, 0xD0, 0x80, 0x80, 0x80, 0x80, 0x80, 0x80, 0x80, 0x80, 0x80, 0x80, 0x80,
    0x80, 0x80, 0x80, 0x80, 0x80, 0x80, 0x80,
};

// ASCII 119 'w'  78x100, advance 78
static const uint8_t Bubblegum50_lower_w[] PROGMEM = {
    0x01, 0x4D, 0x80, 0x80, 0x80, 0x80, 0x80, 0x80, 0x80, 0x80, 0x80, 0x05, 0x09, 0x87, 0x29, 0x87,
    0x09, 0x8A, 0x05, 0x07, 0x8D, 0x21, 0x8D, 0x07, 0x8C, 0x05, 0x05, 0x8F, 0x21, 0x8F, 0x05, 0x8E,
    0x05, 0x05, 0x91, 0x1D, 0x93, 0x03, 0x90, 0x05, 0x03, 0x93, 0x1D, 0x93, 0x03, 0x92, 0x05, 0x03,
    0x93, 0x1B, 0x95, 0x03, 0x94, 0x07, 0x03, 0x93, 0x0B, 0x85, 0x09, 0x95, 0x03, 0x96, 0x07, 0x03,
    0x93, 0x09, 0x89, 0x07, 0x95, 0x03, 0x98, 0x07, 0x03, 0x93, 0x07, 0x8B, 0x05, 0x97, 0x03, 0x9A,
    0x07, 0x03, 0x93, 0x05, 0x8F, 0x03, 0x95, 0x05, 0x9C, 0x9C, 0x9C, 0x07, 0x01, 0x95, 0x05, 0x8F,
    0x03, 0x95, 0x05, 0xA0, 0x07, 0x01, 0x95, 0x03, 0x91, 0x03, 0x95, 0x05, 0xA2, 0xA2, 0xA2, 0x07,
    0x01, 0x95, 0x03, 0x93, 0x01, 0x95, 0x05, 0xA6, 0x05, 0x01, 0x97, 0x01, 0xA9, 0x07, 0xA8, 0x03,
    0x01, 0xC3, 0x07, 0xAA, 0xAA, 0xAA, 0x03, 0x03, 0xC1, 0x07, 0xAE, 0xAE, 0xAE, 0x03, 0x03, 0xBF,
    0x09, 0xB2, 0xB2, 0xB2, 0xB2, 0xB2, 0x05, 0x03, 0x9F, 0x01, 0x9D, 0x09, 0xB8, 0xB8, 0xB8, 0x05,
    0x03, 0x9F, 0x01, 0x9B, 0x0B, 0xBC, 0x05, 0x05, 0x9D, 0x01, 0x9B, 0x0B, 0xBE, 0xBE, 0xBE, 0xBE,
    0xBE, 0x05, 0x07, 0x9B, 0x01, 0x99, 0x0D, 0xC4, 0x05, 0x07, 0x99, 0x05, 0x97, 0x0D, 0xC6, 0x05,
    0x09, 0x97, 0x05, 0x95, 0x0F, 0xC8, 0xC8, 0xC8, 0x05, 0x0B, 0x93, 0x09, 0x91, 0x11, 0xCC, 0x05,
    0x0D, 0x91, 0x09, 0x8F, 0x13, 0xCE, 0x05, 0x11, 0x89, 0x11, 0x89, 0x15, 0xD0, 0x80, 0x80, 0x80,
    0x80, 0x80, 0x80, 0x80, 0x80, 0x80, 0x80, 0x80, 0x80, 0x80, 0x80, 0x80, 0x80, 0x80, 0x80,
};

// ASCII 120 'x'  58x100, advance 58
static const uint8_t Bubblegum50_lower_x[] PROGMEM = {
    0x01, 0x39, 0x80, 0x80, 0x80, 0x80, 0x80, 0x80, 0x80, 0x80, 0x80, 0x05, 0x0D, 0x81, 0x15, 0x87,
    0x0B, 0x8A, 0x05, 0x09, 0x8B, 0x0B, 0x8D, 0x09, 0x8C, 0x05, 0x07, 0x8F, 0x09, 0x8F, 0x07, 0x8E,
    0x05, 0x07, 0x91, 0x05, 0x93, 0x05, 0x90, 0x05, 0x05, 0x93, 0x05, 0x93, 0x05, 0x92, 0x05, 0x05,
    0x95, 0x03, 0x95, 0x03, 0x94, 0x94, 0x94, 0x05, 0x05, 0x95, 0x01, 0x97, 0x03, 0x98, 0x98, 0x98,
    0x98, 0x98, 0x03, 0x05, 0xAD, 0x05, 0x9E, 0x03, 0x07, 0xAB, 0x05, 0xA0, 0x03, 0x07, 0xA9, 0x07,
    0xA2, 0xA2, 0xA2, 0x03, 0x09, 0xA5, 0x09, 0xA6, 0x03, 0x0B, 0xA1, 0x0B, 0xA8, 0xA8, 0xA8, 0x03,
    0x0D, 0x9D, 0x0D, 0xAC, 0x03, 0x0D, 0x9B, 0x0F, 0xAE, 0xAE, 0xAE, 0x03, 0x0B, 0x9D, 0x0F, 0xB2,
    0x03, 0x09, 0xA1, 0x0D, 0xB4, 0x03, 0x07, 0xA3, 0x0D, 0xB6, 0x03, 0x07, 0xA5, 0x0B, 0xB8, 0x03,
    0x05, 0xA9, 0x09, 0xBA, 0x03, 0x05, 0xAB, 0x07, 0xBC, 0x03, 0x03, 0xAD, 0x07, 0xBE, 0xBE, 0xBE,
    0x03, 0x01, 0xB1, 0x05, 0xC2, 0x05, 0x01, 0x97, 0x01, 0x97, 0x05, 0xC4, 0xC4, 0xC4, 0x05, 0x01,
    0x95, 0x03, 0x97, 0x05, 0xC8, 0x05, 0x03, 0x93, 0x05, 0x95, 0x05, 0xCA, 0x05, 0x03, 0x91, 0x07,
    0x93, 0x07, 0xCC, 0x05, 0x05, 0x8F, 0x09, 0x8F, 0x09, 0xCE, 0x05, 0x07, 0x89, 0x11, 0x89, 0x0B,
    0xD0, 0x80, 0x80, 0x80, 0x80, 0x80, 0x80, 0x80, 0x80, 0x80, 0x80, 0x80, 0x80, 0x80, 0x80, 0x80,
    0x80, 0x80, 0x80,
};

// ASCII 121 'y'  54x100, advance 54
static const uint8_t Bubblegum50_lower_y[] PROGMEM = {
    0x01, 0x35, 0x80, 0x80, 0x80, 0x80, 0x80, 0x80, 0x80, 0x80, 0x80, 0x05, 0x07, 0x87, 0x13, 0x89,
    0x07, 0x8A, 0x05, 0x05, 0x8B, 0x0F, 0x8D, 0x05, 0x8C, 0x05, 0x03, 0x8F, 0x0B, 0x91, 0x03, 0x8E,
    0x05, 0x01, 0x91, 0x09, 0x95, 0x01, 0x90, 0x05, 0x01, 0x93, 0x07, 0x95, 0x01, 0x92, 0x92, 0x92,
    0x05, 0x01, 0x95, 0x03, 0x97, 0x01, 0x96, 0x96, 0x96, 0x96, 0x96, 0x05, 0x03, 0x93, 0x01, 0x97,
    0x03, 0x9C, 0x03, 0x03, 0xAD, 0x03, 0x9E, 0x9E, 0x9E, 0x03, 0x05, 0xA9, 0x05, 0xA2, 0xA2, 0xA2,
    0x03, 0x07, 0xA7, 0x05, 0xA6, 0x03, 0x07, 0xA5, 0x07, 0xA8, 0x03, 0x09, 0xA3, 0x07, 0xAA, 0x03,
    0x09, 0xA1, 0x09, 0xAC, 0x03, 0x0B, 0x9D, 0x0B, 0xAE, 0xAE, 0xAE, 0x03, 0x0D, 0x99, 0x0D, 0xB2,
    0xB2, 0xB2, 0x03, 0x0F, 0x97, 0x0D, 0xB6, 0xB6, 0xB6, 0xB6, 0xB6, 0xB6, 0xB6, 0xB6, 0xB6, 0xB6,
    0xB6, 0xB6, 0xB6, 0xB6, 0xB6, 0x03, 0x0F, 0x95, 0x0F, 0xC6, 0xC6, 0xC6, 0x03, 0x11, 0x93, 0x0F,
    0xCA, 0x03, 0x11, 0x91, 0x11, 0xCC, 0x03, 0x13, 0x8D, 0x13, 0xCE, 0x03, 0x15, 0x89, 0x15, 0xD0,
    0x80, 0x80, 0x80, 0x80, 0x80, 0x80, 0x80, 0x80, 0x80, 0x80, 0x80, 0x80, 0x80, 0x80, 0x80, 0x80,
    0x80, 0x80,
};

// ASCII 122 'z'  58x100, advance 58
static const uint8_t Bubblegum50_lower_z[] PROGMEM = {
    0x01, 0x39, 0x80, 0x80, 0x80, 0x80, 0x80, 0x80, 0x80, 0x80, 0x80, 0x03, 0x11, 0x99, 0x0D, 0x8A,
    0x03, 0x09, 0xA5, 0x09, 0x8C, 0x03, 0x07, 0xA9, 0x07, 0x8E, 0x03, 0x05, 0xAD, 0x05, 0x90, 0x03,
    0x05, 0xAF, 0x03, 0x92, 0x92, 0x92, 0x92, 0x92, 0x92, 0x92, 0x92, 0x92, 0x90, 0x90, 0x03, 0x09,
    0xA9, 0x05, 0x9E, 0x03, 0x17, 0x9B, 0x05, 0xA0, 0x03, 0x17, 0x99, 0x07, 0xA2, 0x03, 0x15, 0x9B,
    0x07, 0xA4, 0x03, 0x13, 0x9B, 0x09, 0xA6, 0x03, 0x0F, 0x9D, 0x0B, 0xA8, 0x03, 0x0D, 0x9F, 0x0B,
    0xAA, 0x03, 0x0B, 0x9F, 0x0D, 0xAC, 0x03, 0x0B, 0x9D, 0x0F, 0xAE, 0x03, 0x09, 0x9D, 0x11, 0xB0,
    0x03, 0x07, 0x9D, 0x13, 0xB2, 0x03, 0x07, 0x9B, 0x15, 0xB4, 0x03, 0x05, 0x9B, 0x17, 0xB6, 0x03,
    0x05, 0x99, 0x19, 0xB8, 0x05, 0x03, 0x99, 0x03, 0x8D, 0x09, 0xBA, 0x03, 0x03, 0xAF, 0x05, 0xBC,
    0xBC, 0xBC, 0x03, 0x01, 0xB1, 0x05, 0xC0, 0xC0, 0xC0, 0xC0, 0xC0, 0xC0, 0xC0, 0xBC, 0xBC, 0x03,
    0x03, 0xAD, 0x07, 0xCA, 0x03, 0x05, 0xA9, 0x09, 0xCC, 0x03, 0x09, 0xA3, 0x0B, 0xCE, 0x03, 0x0F,
    0x95, 0x13, 0xD0, 0x80, 0x80, 0x80, 0x80, 0x80, 0x80, 0x80, 0x80, 0x80, 0x80, 0x80, 0x80, 0x80,
    0x80, 0x80, 0x80, 0x80, 0x80,
};

// ASCII 123 '{'  46x100, advance 46
static const uint8_t Bubblegum50_braceleft[] PROGMEM = {
    0x01, 0x2D, 0x80, 0x80, 0x80, 0x80, 0x80, 0x80, 0x80, 0x03, 0x05, 0xA1, 0x05, 0x88, 0x88, 0x88,
    0x88, 0x88, 0x05, 0x05, 0x85, 0x15, 0x85, 0x05, 0x8E, 0x8E, 0x8E, 0x8E, 0x8E, 0x8E, 0x8E, 0x8E,
    0x8E, 0x8E, 0x8E, 0x8E, 0x8E, 0x8E, 0x8E, 0x8E, 0x8E, 0x8E, 0x8E, 0x8E, 0x8E, 0x8E, 0x8E, 0x8E,
    0x8E, 0x8E, 0x8E, 0x8E, 0x8E, 0x8E, 0x8E, 0x8E, 0x8E, 0x8E, 0x8E, 0x8E, 0x8E, 0x8E, 0x8E, 0x8E,
    0x8E, 0x8E, 0x8E, 0x8E, 0x8E, 0x8E, 0x8E, 0x8E, 0x8E, 0x8E, 0x8E, 0x8E, 0x8E, 0x8E, 0x8E, 0x8E,
    0x8E, 0x8E, 0x8E, 0x8E, 0x8E, 0x88, 0x88, 0x88, 0x88, 0x88, 0x88, 0x80, 0x80, 0x80, 0x80, 0x80,
    0x80, 0x80, 0x80, 0x80, 0x80, 0x80, 0x80, 0x80, 0x80, 0x80, 0x80, 0x80, 0x80,
};

// ASCII 124 '|'  46x100, advance 46
static const uint8_t Bubblegum50_bar[] PROGMEM = {
    0x01, 0x2D, 0x80, 0x80, 0x80, 0x80, 0x80, 0x80, 0x80, 0x03, 0x05, 0xA1, 0x05, 0x88, 0x88, 0x88,
    0x88, 0x88, 0x05, 0x05, 0x85, 0x15, 0x85, 0x05, 0x8E, 0x8E, 0x8E, 0x8E, 0x8E, 0x8E, 0x8E, 0x8E,
    0x8E, 0x8E, 0x8E, 0x8E, 0x8E, 0x8E, 0x8E, 0x8E, 0x8E, 0x8E, 0x8E, 0x8E, 0x8E, 0x8E, 0x8E, 0x8E,
    0x8E, 0x8E, 0x8E, 0x8E, 0x8E, 0x8E, 0x8E, 0x8E, 0x8E, 0x8E, 0x8E, 0x8E, 0x8E, 0x8E, 0x8E, 0x8E,
    0x8E, 0x8E, 0x8E, 0x8E, 0x8E, 0x8E, 0x8E, 0x8E, 0x8E, 0x8E, 0x8E, 0x8E, 0x8E, 0x8E, 0x8E, 0x8E,
    0x8E, 0x8E, 0x8E, 0x8E, 0x8E, 0x88, 0x88, 0x88, 0x88, 0x88, 0x88, 0x80, 0x80, 0x80, 0x80, 0x80,
    0x80, 0x80, 0x80, 0x80, 0x80, 0x80, 0x80, 0x80, 0x80, 0x80, 0x80, 0x80, 0x80,
};

// ASCII 125 '}'  46x100, advance 46
static const uint8_t Bubblegum50_braceright[] PROGMEM = {
    0x01, 0x2D, 0x80, 0x80, 0x80, 0x80, 0x80, 0x80, 0x80, 0x03, 0x05, 0xA1, 0x05, 0x88, 0x88, 0x88,
    0x88, 0x88, 0x05, 0x05, 0x85, 0x15, 0x85, 0x05, 0x8E, 0x8E, 0x8E, 0x8E, 0x8E, 0x8E, 0x8E, 0x8E,
    0x8E, 0x8E, 0x8E, 0x8E, 0x8E, 0x8E, 0x8E, 0x8E, 0x8E, 0x8E, 0x8E, 0x8E, 0x8E, 0x8E, 0x8E, 0x8E,
    0x8E, 0x8E, 0x8E, 0x8E, 0x8E, 0x8E, 0x8E, 0x8E, 0x8E, 0x8E, 0x8E, 0x8E, 0x8E, 0x8E, 0x8E, 0x8E,
    0x8E, 0x8E, 0x8E, 0x8E, 0x8E, 0x8E, 0x8E, 0x8E, 0x8E, 0x8E, 0x8E, 0x8E, 0x8E, 0x8E, 0x8E, 0x8E,
    0x8E, 0x8E, 0x8E, 0x8E, 0x8E, 0x88, 0x88, 0x88, 0x88, 0x88, 0x88, 0x80, 0x80, 0x80, 0x80, 0x80,
    0x80, 0x80, 0x80, 0x80, 0x80, 0x80, 0x80, 0x80, 0x80, 0x80, 0x80, 0x80, 0x80,
};

// ASCII 126 '~'  46x100, advance 46
static const uint8_t Bubblegum50_tilde[] PROGMEM = {
    0x01, 0x2D, 0x80, 0x80, 0x80, 0x80, 0x80, 0x80, 0x80, 0x03, 0x05, 0xA1, 0x05, 0x88, 0x88, 0x88,
    0x88, 0x88, 0x05, 0x05, 0x85, 0x15, 0x85, 0x05, 0x8E, 0x8E, 0x8E, 0x8E, 0x8E, 0x8E, 0x8E, 0x8E,
    0x8E, 0x8E, 0x8E, 0x8E, 0x8E, 0x8E, 0x8E, 0x8E, 0x8E, 0x8E, 0x8E, 0x8E, 0x8E, 0x8E, 0x8E, 0x8E,
    0x8E, 0x8E, 0x8E, 0x8E, 0x8E, 0x8E, 0x8E, 0x8E, 0x8E, 0x8E, 0x8E, 0x8E, 0x8E, 0x8E, 0x8E, 0x8E,
    0x8E, 0x8E, 0x8E, 0x8E, 0x8E, 0x8E, 0x8E, 0x8E, 0x8E, 0x8E, 0x8E, 0x8E, 0x8E, 0x8E, 0x8E, 0x8E,
    0x8E, 0x8E, 0x8E, 0x8E, 0x8E, 0x88, 0x88, 0x88, 0x88, 0x88, 0x88, 0x80, 0x80, 0x80, 0x80, 0x80,
    0x80, 0x80, 0x80, 0x80, 0x80, 0x80, 0x80, 0x80, 0x80, 0x80, 0x80, 0x80, 0x80,
};

static const Bubblegum50Glyph Bubblegum50Glyphs[] PROGMEM = {
    { Bubblegum50_space, 26, 26 },
    { Bubblegum50_exclam, 34, 34 },
    { Bubblegum50_quotedbl, 40, 40 },
    { Bubblegum50_hash, 44, 44 },
    { Bubblegum50_dollar, 20, 18 },
    { Bubblegum50_percent, 78, 78 },
    { Bubblegum50_ampersand, 46, 46 },
    { Bubblegum50_apostrophe, 22, 20 },
    { Bubblegum50_parenleft, 38, 38 },
    { Bubblegum50_parenright, 38, 38 },
    { Bubblegum50_asterisk, 42, 42 },
    { Bubblegum50_plus, 42, 42 },
    { Bubblegum50_comma, 24, 20 },
    { Bubblegum50_minus, 40, 40 },
    { Bubblegum50_period, 30, 30 },
    { Bubblegum50_slash, 44, 44 },
    { Bubblegum50_digit_0, 56, 56 },
    { Bubblegum50_digit_1, 56, 56 },
    { Bubblegum50_digit_2, 56, 56 },
    { Bubblegum50_digit_3, 56, 56 },
    { Bubblegum50_digit_4, 56, 56 },
    { Bubblegum50_digit_5, 56, 56 },
    { Bubblegum50_digit_6, 56, 56 },
    { Bubblegum50_digit_7, 56, 56 },
    { Bubblegum50_digit_8, 56, 56 },
    { Bubblegum50_digit_9, 56, 56 },
    { Bubblegum50_colon, 30, 30 },
    { Bubblegum50_semicolon, 26, 24 },
    { Bubblegum50_less, 32, 32 },
    { Bubblegum50_equal, 44, 44 },
    { Bubblegum50_greater, 32, 32 },
    { Bubblegum50_question, 54, 54 },
    { Bubblegum50_at, 76, 76 },
    { Bubblegum50_upper_A, 60, 60 },
    { Bubblegum50_upper_B, 56, 56 },
    { Bubblegum50_upper_C, 54, 54 },
    { Bubblegum50_upper_D, 52, 52 },
    { Bubblegum50_upper_E, 48, 48 },
    { Bubblegum50_upper_F, 46, 46 },
    { Bubblegum50_upper_G, 52, 52 },
    { Bubblegum50_upper_H, 58, 58 },
    { Bubblegum50_upper_I, 34, 34 },
    { Bubblegum50_upper_J, 46, 46 },
    { Bubblegum50_upper_K, 60, 60 },
    { Bubblegum50_upper_L, 44, 44 },
    { Bubblegum50_upper_M, 72, 72 },
    { Bubblegum50_upper_N, 62, 62 },
    { Bubblegum50_upper_O, 60, 60 },
    { Bubblegum50_upper_P, 54, 52 },
    { Bubblegum50_upper_Q, 60, 60 },
    { Bubblegum50_upper_R, 58, 58 },
    { Bubblegum50_upper_S, 52, 52 },
    { Bubblegum50_upper_T, 56, 56 },
    { Bubblegum50_upper_U, 62, 62 },
    { Bubblegum50_upper_V, 62, 62 },
    { Bubblegum50_upper_W, 78, 78 },
    { Bubblegum50_upper_X, 58, 58 },
    { Bubblegum50_upper_Y, 54, 54 },
    { Bubblegum50_upper_Z, 58, 58 },
    { Bubblegum50_bracketleft, 32, 32 },
    { Bubblegum50_backslash, 32, 32 },
    { Bubblegum50_bracketright, 32, 32 },
    { Bubblegum50_caret, 32, 32 },
    { Bubblegum50_underscore, 54, 54 },
    { Bubblegum50_grave, 22, 22 },
    { Bubblegum50_lower_a, 60, 60 },
    { Bubblegum50_lower_b, 56, 56 },
    { Bubblegum50_lower_c, 54, 54 },
    { Bubblegum50_lower_d, 52, 52 },
    { Bubblegum50_lower_e, 48, 48 },
    { Bubblegum50_lower_f, 46, 46 },
    { Bubblegum50_lower_g, 52, 52 },
    { Bubblegum50_lower_h, 58, 58 },
    { Bubblegum50_lower_i, 34, 34 },
    { Bubblegum50_lower_j, 46, 46 },
    { Bubblegum50_lower_k, 60, 60 },
    { Bubblegum50_lower_l, 44, 44 },
    { Bubblegum50_lower_m, 72, 72 },
    { Bubblegum50_lower_n, 62, 62 },
    { Bubblegum50_lower_o, 60, 60 },
    { Bubblegum50_lower_p, 54, 52 },
    { Bubblegum50_lower_q, 60, 60 },
    { Bubblegum50_lower_r, 58, 58 },
    { Bubblegum50_lower_s, 52, 52 },
    { Bubblegum50_lower_t, 56, 56 },
    { Bubblegum50_lower_u, 62, 62 },
    { Bubblegum50_lower_v, 62, 62 },
    { Bubblegum50_lower_w, 78, 78 },
    { Bubblegum50_lower_x, 58, 58 },
    { Bubblegum50_lower_y, 54, 54 },
    { Bubblegum50_lower_z, 58, 58 },
    { Bubblegum50_braceleft, 46, 46 },
    { Bubblegum50_bar, 46, 46 },
    { Bubblegum50_braceright, 46, 46 },
    { Bubblegum50_tilde, 46, 46 },
};

static inline const Bubblegum50Glyph *bubblegum50GetGlyph(char c)
{
    if ((uint8_t)c < BUBBLEGUM50_FIRST_CHAR || (uint8_t)c > BUBBLEGUM50_LAST_CHAR)
        c = '?';
    return &Bubblegum50Glyphs[(uint8_t)c - BUBBLEGUM50_FIRST_CHAR];
}
